location,date,total_cases,new_cases,total_deaths,new_deaths,icu_patients,hosp_patients,weekly_icu_admissions,weekly_hosp_admissions,new_tests,total_tests,positive_rate,tests_per_case,total_vaccinations,people_vaccinated,people_fully_vaccinated,total_boosters,new_vaccinations,population
Canada,1/26/2020,1,1,,,,,,,,,,,,,,,,38067913
Canada,1/27/2020,1,0,,,,,,,,,,,,,,,,38067913
Canada,1/28/2020,2,1,,,,,,,,,,,,,,,,38067913
Canada,1/29/2020,2,0,,,,,,,,,,,,,,,,38067913
Canada,1/30/2020,2,0,,,,,,,,,,,,,,,,38067913
Canada,1/31/2020,4,2,,,,,,,,0,,,,,,,,38067913
Canada,2/1/2020,4,0,,,,,,,,,,,,,,,,38067913
Canada,2/2/2020,4,0,,,,,,,,,,,,,,,,38067913
Canada,2/3/2020,4,0,,,,,,,,,,,,,,,,38067913
Canada,2/4/2020,4,0,,,,,,,,,,,,,,,,38067913
Canada,2/5/2020,5,1,,,,,,,,,,,,,,,,38067913
Canada,2/6/2020,5,0,,,,,,,,,,,,,,,,38067913
Canada,2/7/2020,7,2,,,,,,,,,0.0536,18.6,,,,,,38067913
Canada,2/8/2020,7,0,,,,,,,,63,0.0536,18.6,,,,,,38067913
Canada,2/9/2020,7,0,,,,,,,,,0.0536,18.6,,,,,,38067913
Canada,2/10/2020,7,0,,,,,,,,,0.0613,16.3,,,,,,38067913
Canada,2/11/2020,7,0,,,,,,,,,0.0613,16.3,,,,,,38067913
Canada,2/12/2020,7,0,,,,,,,,,0.0409,24.5,,,,,,38067913
Canada,2/13/2020,7,0,,,,,,,,,0.0477,21,,,,,,38067913
Canada,2/14/2020,7,0,,,,,,,,,0,,,,,,,38067913
Canada,2/15/2020,7,0,,,,,,,,,0,,,,,,,38067913
Canada,2/16/2020,7,0,,,,,,,,109,0,,,,,,,38067913
Canada,2/17/2020,8,1,,,,,,,,,0.0204,49,,,,,,38067913
Canada,2/18/2020,8,0,,,,,,,,,0.0204,49,,,,,,38067913
Canada,2/19/2020,8,0,,,,,,,,,0.0179,55.9,,,,,,38067913
Canada,2/20/2020,8,0,,,,,,,,,0.0159,62.9,,,,,,38067913
Canada,2/21/2020,9,1,,,,,,,,166,0.0286,35,,,,,,38067913
Canada,2/22/2020,9,0,,,,,,,,,0.026,38.5,,,,,,38067913
Canada,2/23/2020,9,0,,,,,,,,,0.022,45.5,,,,,,38067913
Canada,2/24/2020,10,1,,,,,,,,212,0.022,45.5,,,,,,38067913
Canada,2/25/2020,12,2,,,,,,,18,230,0.0408,24.5,,,,,,38067913
Canada,2/26/2020,12,0,,,,,,,62,292,0.0272,36.8,,,,,,38067913
Canada,2/27/2020,14,2,,,,,,,77,369,0.0276,36.2,,,,,,38067913
Canada,2/28/2020,15,1,,,,,,,,,0.022,45.5,,,,,,38067913
Canada,2/29/2020,21,6,,,,,,,,510,0.0365,27.4,,,,,,38067913
Canada,3/1/2020,26,5,,,,,,,125,635,0.0386,25.9,,,,,,38067913
Canada,3/2/2020,32,6,,,,,,,,,0.0469,21.3,,,,,,38067913
Canada,3/3/2020,37,5,,,,,,,,733,0.0496,20.2,,,,,,38067913
Canada,3/4/2020,42,5,,,,,,,,,0.0482,20.8,,,,,,38067913
Canada,3/5/2020,46,4,,,,,,,,1099,0.044,22.8,,,,,,38067913
Canada,3/6/2020,60,14,,,,,,,296,1395,0.0473,21.2,,,,,,38067913
Canada,3/7/2020,64,4,,,,,,,372,1767,0.0341,29.3,,,,,,38067913
Canada,3/8/2020,74,10,,,,,,,932,2699,0.0232,43,,,,,,38067913
Canada,3/9/2020,88,14,1,1,0,4,,,832,3531,0.0197,50.9,,,,,,38067913
Canada,3/10/2020,92,4,1,0,0,5,,,,,0.0159,62.9,,,,,,38067913
Canada,3/11/2020,127,35,1,0,0,5,,,,4846,0.0216,46.2,,,,,,38067913
Canada,3/12/2020,141,14,1,0,0,5,,,1893,6739,0.0168,59.4,,,,,,38067913
Canada,3/13/2020,213,72,1,0,1,7,,,3150,9889,0.018,55.5,,,,,,38067913
Canada,3/14/2020,236,23,1,0,2,9,,,3320,13209,0.015,66.5,,,,,,38067913
Canada,3/15/2020,296,60,1,0,2,9,,,4148,17357,0.0151,66,,,,,,38067913
Canada,3/16/2020,450,154,4,3,2,17,,,4519,21876,0.0197,50.7,,,,,,38067913
Canada,3/17/2020,532,82,6,2,6,22,,,5031,26907,0.0194,51.6,,,,,,38067913
Canada,3/18/2020,732,200,11,5,14,31,,,7286,34193,0.0206,48.5,,,,,,38067913
Canada,3/19/2020,921,189,11,0,16,42,,,8608,42801,0.0216,46.2,,,,,,38067913
Canada,3/20/2020,1175,254,15,4,24,52,,,7267,50068,0.0239,41.8,,,,,,38067913
Canada,3/21/2020,1653,478,19,4,31,68,,,8127,58195,0.0315,31.7,,,,,,38067913
Canada,3/22/2020,2045,392,22,3,35,76,,,10535,68730,0.034,29.4,,,,,,38067913
Canada,3/23/2020,2600,555,29,7,44,103,,,11147,79877,0.0371,27,,,,,,38067913
Canada,3/24/2020,3185,585,34,5,64,153,,,10591,90468,0.0417,24,,,,,,38067913
Canada,3/25/2020,3697,512,47,13,72,176,,,11070,101538,0.044,22.7,,,,,,38067913
Canada,3/26/2020,4550,853,59,12,82,216,,,10911,112449,0.0521,19.2,,,,,,38067913
Canada,3/27/2020,5257,707,66,7,89,260,,,12217,124666,0.0547,18.3,,,,,,38067913
Canada,3/28/2020,6085,828,83,17,125,294,,,12487,137153,0.0561,17.8,,,,,,38067913
Canada,3/29/2020,6993,908,98,15,142,329,,,15442,152595,0.059,16.9,,,,,,38067913
Canada,3/30/2020,8140,1147,117,19,157,406,,,12123,164718,0.0653,15.3,,,,,,38067913
Canada,3/31/2020,9246,1106,152,35,165,482,,,13600,178318,0.069,14.5,,,,,,38067913
Canada,4/1/2020,10527,1281,175,23,174,526,,,14021,192339,0.0752,13.3,,,,,,38067913
Canada,4/2/2020,12219,1692,224,49,362,993,,,16421,208760,0.0796,12.6,,,,,,38067913
Canada,4/3/2020,13559,1340,277,53,397,1129,,,14858,223618,0.0839,11.9,,,,,,38067913
Canada,4/4/2020,14917,1358,360,83,424,1216,,,15061,238679,0.087,11.5,,,,,,38067913
Canada,4/5/2020,16159,1242,435,75,455,1272,,,12492,251171,0.093,10.8,,,,,,38067913
Canada,4/6/2020,17525,1366,502,67,486,1351,,,10808,261979,0.0965,10.4,,,,,,38067913
Canada,4/7/2020,18858,1333,580,78,505,1430,,,7846,269825,0.105,9.5,,,,,,38067913
Canada,4/8/2020,20165,1307,669,89,523,1467,,,8727,278552,0.1118,8.9,,,,,,38067913
Canada,4/9/2020,21540,1375,772,103,561,1538,,,10827,289379,0.1156,8.6,,,,,,38067913
Canada,4/10/2020,22777,1237,867,95,542,1629,,,10632,300011,0.1207,8.3,,,,,,38067913
Canada,4/11/2020,24084,1307,986,119,561,1696,,,12410,312421,0.1243,8,,,,,,38067913
Canada,4/12/2020,25303,1219,1095,109,570,1792,,,12065,324486,0.1247,8,,,,,,38067913
Canada,4/13/2020,26937,1634,1225,130,576,1872,,,11429,335915,0.1273,7.9,,,,,,38067913
Canada,4/14/2020,28564,1627,1361,136,571,1936,,,11169,347084,0.1256,8,,,,,,38067913
Canada,4/15/2020,30223,1659,1515,154,560,2006,,,12607,359691,0.124,8.1,,,,,,38067913
Canada,4/16/2020,31911,1688,1651,136,540,2048,,,12531,372222,0.1252,8,,,,,,38067913
Canada,4/17/2020,33945,2034,1798,147,534,2131,,,13897,386119,0.1297,7.7,,,,,,38067913
Canada,4/18/2020,35355,1410,1937,139,592,2182,,,13643,399762,0.129,7.7,,,,,,38067913
Canada,4/19/2020,37043,1688,2107,170,516,2132,,,15916,415678,0.1287,7.8,,,,,,38067913
Canada,4/20/2020,38712,1669,2251,144,527,2188,,,23005,438683,0.1146,8.7,,,,,,38067913
Canada,4/21/2020,40354,1642,2412,161,531,2305,,,21372,460055,0.1044,9.6,,,,,,38067913
Canada,4/22/2020,42168,1814,2576,164,518,2369,,,21125,481180,0.0983,10.2,,,,,,38067913
Canada,4/23/2020,44121,1953,2757,181,513,2517,,,24192,505372,0.0917,10.9,,,,,,38067913
Canada,4/24/2020,45976,1855,2931,174,540,2582,,,24979,530351,0.0834,12,,,,,,38067913
Canada,4/25/2020,47553,1577,3112,181,533,2649,,,28763,559114,0.0765,13.1,,,,,,38067913
Canada,4/26/2020,48866,1313,3249,137,536,2676,,,26967,586081,0.0694,14.4,,,,,,38067913
Canada,4/27/2020,50507,1641,3428,179,516,2713,,,27518,613599,0.0674,14.8,,,,,,38067913
Canada,4/28/2020,52178,1671,3635,207,521,2807,,,26977,640576,0.0655,15.3,,,,,,38067913
Canada,4/29/2020,53811,1633,3843,208,522,2847,,,23754,664330,0.0636,15.7,,,,,,38067913
Canada,4/30/2020,55508,1697,4055,212,506,2903,,,27778,692108,0.061,16.4,,,,,,38067913
Canada,5/1/2020,57277,1769,4236,181,514,2953,,,30676,722784,0.0587,17,,,,,,38067913
Canada,5/2/2020,58821,1544,4412,176,510,2926,,,34244,757028,0.0569,17.6,,,,,,38067913
Canada,5/3/2020,60162,1341,4558,146,514,2974,,,32322,789350,0.0556,18,,,,,,38067913
Canada,5/4/2020,61569,1407,4764,206,510,2969,,,34119,823469,0.0527,19,,,,,,38067913
Canada,5/5/2020,62942,1373,4936,172,511,3078,,,28573,852042,0.0509,19.6,,,,,,38067913
Canada,5/6/2020,64515,1573,5108,172,501,3083,,,22013,874055,0.051,19.6,,,,,,38067913
Canada,5/7/2020,65879,1364,5256,148,506,3078,,,27953,902008,0.0494,20.2,,,,,,38067913
Canada,5/8/2020,67257,1378,5414,158,484,3070,,,31518,933526,0.0474,21.1,,,,,,38067913
Canada,5/9/2020,68441,1184,5576,162,470,3054,,,33547,967073,0.0458,21.8,,,,,,38067913
Canada,5/10/2020,69505,1064,5704,128,457,2987,,,36299,1003372,0.0437,22.9,,,,,,38067913
Canada,5/11/2020,70615,1110,5836,132,449,3057,,,34030,1037402,0.0423,23.6,,,,,,38067913
Canada,5/12/2020,71832,1217,5979,143,435,3056,,,27720,1065122,0.0417,24,,,,,,38067913
Canada,5/13/2020,73027,1195,6091,112,436,3079,,,24113,1089235,0.0396,25.3,,,,,,38067913
Canada,5/14/2020,74144,1117,6213,122,422,3041,,,31373,1120608,0.0378,26.4,,,,,,38067913
Canada,5/15/2020,75355,1211,6337,124,417,2975,,,35209,1155817,0.0364,27.5,,,,,,38067913
Canada,5/16/2020,76539,1184,6452,115,404,2899,,,37572,1193389,0.0358,27.9,,,,,,38067913
Canada,5/17/2020,77671,1132,6542,90,399,2856,,,37854,1231243,0.0358,27.9,,,,,,38067913
Canada,5/18/2020,78704,1033,6637,95,398,2896,,,35079,1266322,0.0353,28.3,,,,,,38067913
Canada,5/19/2020,79812,1108,6714,77,402,2678,,,23938,1290260,0.0354,28.2,,,,,,38067913
Canada,5/20/2020,81065,1253,6832,118,394,2654,,,18688,1308948,0.0366,27.3,,,,,,38067913
Canada,5/21/2020,82242,1177,6933,101,380,2637,,,21531,1330479,0.0386,25.9,,,,,,38067913
Canada,5/22/2020,83357,1115,7036,103,369,2585,,,28043,1358522,0.0395,25.3,,,,,,38067913
Canada,5/23/2020,84303,946,7129,93,364,2504,,,31011,1389533,0.0396,25.3,,,,,,38067913
Canada,5/24/2020,85352,1049,7218,89,368,2448,,,31265,1420798,0.0405,24.7,,,,,,38067913
Canada,5/25/2020,86299,947,7312,94,375,2415,,,31498,1452296,0.0408,24.5,,,,,,38067913
Canada,5/26/2020,87069,770,7400,88,371,2381,,,25700,1477996,0.0387,25.9,,,,,,38067913
Canada,5/27/2020,87920,851,7497,97,376,2354,,,23090,1501086,0.0357,28,,,,,,38067913
Canada,5/28/2020,88765,845,7614,117,358,2292,,,32776,1533862,0.0321,31.2,,,,,,38067913
Canada,5/29/2020,89564,799,7714,100,349,2223,,,38885,1572747,0.029,34.5,,,,,,38067913
Canada,5/30/2020,90315,751,7772,58,336,2137,,,40316,1613063,0.0269,37.2,,,,,,38067913
Canada,5/31/2020,90957,642,7828,56,342,2116,,,42054,1655117,0.0239,41.8,,,,,,38067913
Canada,6/1/2020,91748,791,7875,47,340,2099,,,38455,1693572,0.0226,44.3,,,,,,38067913
Canada,6/2/2020,92441,693,7926,51,340,2107,,,31463,1725035,0.0217,46,,,,,,38067913
Canada,6/3/2020,93102,661,7982,56,333,2063,,,29526,1754561,0.0204,48.9,,,,,,38067913
Canada,6/4/2020,93740,638,8047,65,314,1972,,,35691,1790252,0.0194,51.5,,,,,,38067913
Canada,6/5/2020,94337,597,8092,45,296,1891,,,41195,1831447,0.0185,54.2,,,,,,38067913
Canada,6/6/2020,95079,742,8152,60,290,1763,,,42422,1873869,0.0183,54.7,,,,,,38067913
Canada,6/7/2020,95685,606,8193,41,285,1716,,,44243,1918112,0.018,55.6,,,,,,38067913
Canada,6/8/2020,96150,465,8239,46,278,1689,,,38124,1956236,0.0168,59.7,,,,,,38067913
Canada,6/9/2020,96586,436,8275,36,273,1668,,,29988,1986224,0.0159,63,,,,,,38067913
Canada,6/10/2020,97074,488,8305,30,277,1596,,,27409,2013633,0.0153,65.2,,,,,,38067913
Canada,6/11/2020,97489,415,8337,32,274,1515,,,39165,2052798,0.0143,70,,,,,,38067913
Canada,6/12/2020,97896,407,8367,30,260,1479,,,44128,2096926,0.0134,74.6,,,,,,38067913
Canada,6/13/2020,98326,430,8395,28,252,1395,,,49817,2146743,0.0119,84,,,,,,38067913
Canada,6/14/2020,98669,343,8418,23,227,1317,,,47498,2194241,0.0108,92.5,,,,,,38067913
Canada,6/15/2020,99039,370,8445,27,227,1304,,,42478,2236719,0.0103,97.1,,,,,,38067913
Canada,6/16/2020,99401,362,8464,19,220,1246,,,37620,2274339,0.0098,102.3,,,,,,38067913
Canada,6/17/2020,99791,390,8485,21,208,1186,,,36663,2311002,0.0091,109.4,,,,,,38067913
Canada,6/18/2020,100173,382,8495,10,193,1097,,,43975,2354977,0.0089,112.6,,,,,,38067913
Canada,6/19/2020,100548,375,8519,24,186,1019,,,47073,2402050,0.0087,115.1,,,,,,38067913
Canada,6/20/2020,100909,361,8554,35,188,972,,,50329,2452379,0.0085,118.3,,,,,,38067913
Canada,6/21/2020,101216,307,8575,21,193,912,,,48129,2500508,0.0083,120.2,,,,,,38067913
Canada,6/22/2020,101532,316,8589,14,177,891,,,43795,2544303,0.0081,123.4,,,,,,38067913
Canada,6/23/2020,101903,371,8613,24,178,912,,,37206,2581509,0.0081,122.8,,,,,,38067913
Canada,6/24/2020,102218,315,8641,28,170,886,,,31248,2612757,0.008,124.3,,,,,,38067913
Canada,6/25/2020,102546,328,8661,20,165,869,,,41658,2654415,0.0079,126.2,,,,,,38067913
Canada,6/26/2020,102803,257,8668,7,156,846,,,47174,2701589,0.0075,132.8,,,,,,38067913
Canada,6/27/2020,103129,326,8680,12,148,818,,,48785,2750374,0.0074,134.2,,,,,,38067913
Canada,6/28/2020,103405,276,8690,10,144,774,,,53518,2803892,0.0072,138.6,,,,,,38067913
Canada,6/29/2020,103820,415,8707,17,143,792,,,47749,2851641,0.0074,134.3,,,,,,38067913
Canada,6/30/2020,104136,316,8722,15,128,756,,,42926,2894567,0.0071,140.2,,,,,,38067913
Canada,7/1/2020,104358,222,8732,10,120,740,,,39588,2934155,0.0067,150.2,,,,,,38067913
Canada,7/2/2020,104711,353,8749,17,119,635,,,45262,2979417,0.0067,150.1,,,,,,38067913
Canada,7/3/2020,105031,320,8755,6,117,649,,,44515,3023932,0.0069,144.7,,,,,,38067913
Canada,7/4/2020,105247,216,8764,9,110,632,,,41339,3065271,0.0067,148.7,,,,,,38067913
Canada,7/5/2020,105444,197,8769,5,105,615,,,39247,3104518,0.0068,147.4,,,,,,38067913
Canada,7/6/2020,105837,393,8782,13,100,597,,,40586,3145104,0.0069,145.5,,,,,,38067913
Canada,7/7/2020,106116,279,8790,8,97,582,,,32124,3177228,0.007,142.8,,,,,,38067913
Canada,7/8/2020,106401,285,8807,17,98,556,,,30869,3208097,0.0075,134.1,,,,,,38067913
Canada,7/9/2020,106765,364,8818,11,97,526,,,42052,3250149,0.0076,131.8,,,,,,38067913
Canada,7/10/2020,107098,333,8829,11,99,527,,,48749,3298898,0.0075,133,,,,,,38067913
Canada,7/11/2020,107329,231,8838,9,93,529,,,52860,3351758,0.0073,137.6,,,,,,38067913
Canada,7/12/2020,107534,205,8842,4,93,514,,,53483,3405241,0.0069,143.9,,,,,,38067913
Canada,7/13/2020,108074,540,8850,8,94,499,,,51819,3457060,0.0072,139.5,,,,,,38067913
Canada,7/14/2020,108488,414,8854,4,96,530,,,40591,3497651,0.0074,135.1,,,,,,38067913
Canada,7/15/2020,108847,359,8868,14,89,503,,,35044,3532695,0.0075,132.7,,,,,,38067913
Canada,7/16/2020,109280,433,8879,11,84,491,,,47425,3580120,0.0076,131.2,,,,,,38067913
Canada,7/17/2020,109740,460,8892,13,87,483,,,54778,3634898,0.0079,127.2,,,,,,38067913
Canada,7/18/2020,110100,360,8896,4,88,470,,,58464,3693362,0.0081,123.3,,,,,,38067913
Canada,7/19/2020,110401,301,8900,4,91,477,,,60245,3753607,0.0082,121.5,,,,,,38067913
Canada,7/20/2020,111168,767,8904,4,97,488,,,54519,3808126,0.0088,113.5,,,,,,38067913
Canada,7/21/2020,111711,543,8909,5,93,496,,,44000,3852126,0.0091,110,,,,,,38067913
Canada,7/22/2020,112119,408,8914,5,98,496,,,46001,3898127,0.009,111.7,,,,,,38067913
Canada,7/23/2020,112768,649,8922,8,98,511,,,52898,3951025,0.0094,106.3,,,,,,38067913
Canada,7/24/2020,113272,504,8928,6,90,484,,,57147,4008172,0.0095,105.7,,,,,,38067913
Canada,7/25/2020,113640,368,8931,3,84,425,,,61865,4070037,0.0094,106.4,,,,,,38067913
Canada,7/26/2020,113973,333,8935,4,81,398,,,62102,4132139,0.0094,106,,,,,,38067913
Canada,7/27/2020,114603,630,8948,13,80,401,,,55876,4188015,0.009,110.6,,,,,,38067913
Canada,7/28/2020,114961,358,8957,9,80,412,,,49243,4237258,0.0084,118.5,,,,,,38067913
Canada,7/29/2020,115438,477,8962,5,80,403,,,42054,4279312,0.0087,114.8,,,,,,38067913
Canada,7/30/2020,115862,424,8975,13,86,411,,,56435,4335747,0.008,124.3,,,,,,38067913
Canada,7/31/2020,116328,466,8981,6,86,379,,,62361,4398108,0.0078,127.6,,,,,,38067913
Canada,8/1/2020,116599,271,8985,4,87,366,,,62713,4460821,0.0076,132.1,,,,,,38067913
Canada,8/2/2020,116835,236,8988,3,90,358,,,68348,4529169,0.0072,138.7,,,,,,38067913
Canada,8/3/2020,117091,256,8988,0,89,359,,,61233,4590402,0.0062,161.7,,,,,,38067913
Canada,8/4/2020,117791,700,8997,9,99,363,,,45348,4635750,0.0071,140.8,,,,,,38067913
Canada,8/5/2020,118156,365,9002,5,99,341,,,42199,4677949,0.0068,146.7,,,,,,38067913
Canada,8/6/2020,118489,333,9009,7,92,346,,,45988,4723937,0.0068,147.8,,,,,,38067913
Canada,8/7/2020,118933,444,9014,5,86,328,,,57076,4781013,0.0068,147,,,,,,38067913
Canada,8/8/2020,119157,224,9017,3,90,314,,,58787,4839800,0.0067,148.2,,,,,,38067913
Canada,8/9/2020,119380,223,9021,4,90,311,,,58983,4898783,0.0069,145.2,,,,,,38067913
Canada,8/10/2020,120005,625,9028,7,83,302,,,59787,4958570,0.0079,126.3,,,,,,38067913
Canada,8/11/2020,120303,298,9034,6,82,286,,,47111,5005681,0.0068,147.3,,,,,,38067913
Canada,8/12/2020,120636,333,9039,5,79,273,,,44140,5049821,0.0067,149.9,,,,,,38067913
Canada,8/13/2020,121105,469,9044,5,78,268,,,55004,5104825,0.0069,145.6,,,,,,38067913
Canada,8/14/2020,121511,406,9048,4,78,271,,,63054,5167879,0.0067,150.1,,,,,,38067913
Canada,8/15/2020,121734,223,9054,6,79,265,,,64422,5232301,0.0066,152.3,,,,,,38067913
Canada,8/16/2020,121909,175,9059,5,79,263,,,65906,5298207,0.0063,157.9,,,,,,38067913
Canada,8/17/2020,122094,185,9061,2,73,245,,,53727,5351934,0.0053,188.3,,,,,,38067913
Canada,8/18/2020,123006,912,9074,13,73,256,,,50446,5402380,0.0068,146.8,,,,,,38067913
Canada,8/19/2020,123351,345,9079,5,74,259,,,48193,5450573,0.0068,147.6,,,,,,38067913
Canada,8/20/2020,123570,219,9082,3,74,247,,,57174,5507747,0.0061,163.5,,,,,,38067913
Canada,8/21/2020,124265,695,9096,14,68,238,,,60688,5568435,0.0069,145.4,,,,,,38067913
Canada,8/22/2020,124490,225,9097,1,60,232,,,64322,5632757,0.0069,145.3,,,,,,38067913
Canada,8/23/2020,124759,269,9101,4,54,226,,,61588,5694345,0.0072,139,,,,,,38067913
Canada,8/24/2020,125485,726,9109,8,54,229,,,54979,5749324,0.0085,117.2,,,,,,38067913
Canada,8/25/2020,125844,359,9114,5,54,236,,,42669,5791993,0.0073,137.3,,,,,,38067913
Canada,8/26/2020,126276,432,9118,4,53,233,,,43271,5835264,0.0076,131.5,,,,,,38067913
Canada,8/27/2020,126718,442,9123,5,58,243,,,54659,5889923,0.0082,121.4,,,,,,38067913
Canada,8/28/2020,127269,551,9135,12,59,253,,,62785,5952708,0.0078,127.9,,,,,,38067913
Canada,8/29/2020,127620,351,9137,2,62,243,,,68569,6021277,0.0081,124.1,,,,,,38067913
Canada,8/30/2020,127881,261,9139,2,63,242,,,67635,6088912,0.0079,126.4,,,,,,38067913
Canada,8/31/2020,128879,998,9147,8,67,247,,,57922,6146834,0.0085,117.1,,,,,,38067913
Canada,9/1/2020,129388,509,9151,4,72,273,,,54958,6201792,0.0086,115.6,,,,,,38067913
Canada,9/2/2020,129938,550,9153,2,66,268,,,48470,6250262,0.0088,113.3,,,,,,38067913
Canada,9/3/2020,130548,610,9158,5,62,254,,,58395,6308657,0.0091,109.3,,,,,,38067913
Canada,9/4/2020,131179,631,9158,0,65,260,,,62390,6371047,0.0093,107,,,,,,38067913
Canada,9/5/2020,131571,392,9159,1,64,245,,,69031,6440078,0.0094,106,,,,,,38067913
Canada,9/6/2020,131960,389,9161,2,66,246,,,69211,6509289,0.0097,103.1,,,,,,38067913
Canada,9/7/2020,132372,412,9163,2,67,252,,,66111,6575400,0.0082,122.7,,,,,,38067913
Canada,9/8/2020,133817,1445,9170,7,66,250,,,57175,6632575,0.0103,97.3,,,,,,38067913
Canada,9/9/2020,134237,420,9174,4,64,263,,,53711,6686286,0.0099,101.4,,,,,,38067913
Canada,9/10/2020,135137,900,9182,8,59,270,,,51341,6737627,0.0107,93.5,,,,,,38067913
Canada,9/11/2020,135926,789,9181,-1,57,276,,,65755,6803382,0.011,91.1,,,,,,38067913
Canada,9/12/2020,136492,566,9184,3,54,273,,,79517,6882899,0.0111,90,,,,,,38067913
Canada,9/13/2020,137047,555,9188,4,58,270,,,83265,6966164,0.0111,89.8,,,,,,38067913
Canada,9/14/2020,138399,1352,9200,12,69,281,,,82557,7048721,0.0127,78.5,,,,,,38067913
Canada,9/15/2020,139221,822,9207,7,79,298,,,72665,7121386,0.0111,90.5,,,,,,38067913
Canada,9/16/2020,140165,944,9212,5,86,285,,,68225,7189611,0.0118,84.9,,,,,,38067913
Canada,9/17/2020,141137,972,9219,7,89,302,,,76003,7265614,0.0114,88,,,,,,38067913
Canada,9/18/2020,142371,1234,9229,10,88,313,,,92661,7358275,0.0116,86.1,,,,,,38067913
Canada,9/19/2020,143304,933,9236,7,91,318,,,85660,7443935,0.0121,82.4,,,,,,38067913
Canada,9/20/2020,144220,916,9239,3,93,325,,,96527,7540462,0.0125,80.1,,,,,,38067913
Canada,9/21/2020,145878,1658,9250,11,93,342,,,88739,7629201,0.0129,77.6,,,,,,38067913
Canada,9/22/2020,147159,1281,9258,8,93,380,,,81977,7711178,0.0135,74.3,,,,,,38067913
Canada,9/23/2020,148466,1307,9267,9,98,408,,,78859,7790037,0.0138,72.3,,,,,,38067913
Canada,9/24/2020,149803,1337,9276,9,105,411,,,85612,7875649,0.0142,70.4,,,,,,38067913
Canada,9/25/2020,151419,1616,9283,7,104,426,,,85540,7961189,0.015,66.6,,,,,,38067913
Canada,9/26/2020,152849,1430,9288,5,119,456,,,104773,8065962,0.0153,65.2,,,,,,38067913
Canada,9/27/2020,154257,1408,9294,6,115,467,,,101553,8167515,0.016,62.5,,,,,,38067913
Canada,9/28/2020,156592,2335,9311,17,117,494,,,103095,8270610,0.0167,59.9,,,,,,38067913
Canada,9/29/2020,158411,1819,9325,14,117,539,,,89729,8360339,0.0173,57.7,,,,,,38067913
Canada,9/30/2020,160387,1976,9343,18,125,571,,,85682,8446021,0.0182,55,,,,,,38067913
Canada,10/1/2020,162188,1801,9359,16,126,593,,,95567,8541588,0.0186,53.8,,,,,,38067913
Canada,10/2/2020,164429,2241,9449,90,132,621,,,101966,8643554,0.0191,52.4,,,,,,38067913
Canada,10/3/2020,166289,1860,9501,52,147,628,,,100987,8744541,0.0198,50.5,,,,,,38067913
Canada,10/4/2020,167944,1655,9519,18,150,652,,,111354,8855895,0.0199,50.3,,,,,,38067913
Canada,10/5/2020,170402,2458,9544,25,148,690,,,98892,8954787,0.0202,49.5,,,,,,38067913
Canada,10/6/2020,172402,2000,9566,22,150,752,,,91191,9045978,0.0204,49,,,,,,38067913
Canada,10/7/2020,174278,1876,9585,19,146,774,,,95781,9141759,0.02,50.1,,,,,,38067913
Canada,10/8/2020,176733,2455,9603,18,160,820,,,97122,9238881,0.0209,47.9,,,,,,38067913
Canada,10/9/2020,179329,2596,9617,14,158,849,,,107553,9346434,0.0212,47.2,,,,,,38067913
Canada,10/10/2020,181204,1875,9643,26,164,845,,,110973,9457407,0.0209,47.8,,,,,,38067913
Canada,10/11/2020,183027,1823,9657,14,167,844,,,106600,9564007,0.0213,46.9,,,,,,38067913
Canada,10/12/2020,184762,1735,9672,15,170,853,,,100373,9664380,0.0202,49.4,,,,,,38067913
Canada,10/13/2020,188131,3369,9700,28,196,915,,,89413,9753793,0.0222,45,,,,,,38067913
Canada,10/14/2020,190529,2398,9723,23,192,943,,,70966,9824759,0.0238,42,,,,,,38067913
Canada,10/15/2020,193054,2525,9740,17,199,960,,,80710,9905469,0.0245,40.8,,,,,,38067913
Canada,10/16/2020,195507,2453,9770,30,204,995,,,96832,10002301,0.0247,40.5,,,,,,38067913
Canada,10/17/2020,197405,1898,9787,17,207,1026,,,98117,10100418,0.0252,39.7,,,,,,38067913
Canada,10/18/2020,199205,1800,9805,18,210,1009,,,102090,10202508,0.0253,39.5,,,,,,38067913
Canada,10/19/2020,202302,3097,9838,33,212,1018,,,92542,10295050,0.0278,36,,,,,,38067913
Canada,10/20/2020,204805,2503,9855,17,220,1077,,,76589,10371639,0.027,37.1,,,,,,38067913
Canada,10/21/2020,207385,2580,9893,38,216,1062,,,67473,10439112,0.0274,36.4,,,,,,38067913
Canada,10/22/2020,209798,2413,9924,31,238,1074,,,88971,10528083,0.0269,37.2,,,,,,38067913
Canada,10/23/2020,212787,2989,9953,29,237,1079,,,96997,10625080,0.0277,36,,,,,,38067913
Canada,10/24/2020,214843,2056,9980,27,236,1122,,,95563,10720643,0.0281,35.6,,,,,,38067913
Canada,10/25/2020,216934,2091,10009,29,240,1122,,,104065,10824708,0.0285,35.1,,,,,,38067913
Canada,10/26/2020,221224,4290,10043,34,240,1140,,,94586,10919294,0.0303,33,,,,,,38067913
Canada,10/27/2020,223905,2681,10070,27,237,1157,,,73877,10993171,0.0307,32.5,,,,,,38067913
Canada,10/28/2020,226666,2761,10107,37,237,1163,,,62730,11055901,0.0313,32,,,,,,38067913
Canada,10/29/2020,229656,2990,10140,33,229,1168,,,83680,11139581,0.0325,30.8,,,,,,38067913
Canada,10/30/2020,232958,3302,10185,45,242,1177,,,92300,11231881,0.0332,30.1,,,,,,38067913
Canada,10/31/2020,235389,2431,10226,41,241,1182,,,98112,11329993,0.0337,29.7,,,,,,38067913
Canada,11/1/2020,237778,2389,10263,37,242,1222,,,96970,11426963,0.0346,28.9,,,,,,38067913
Canada,11/2/2020,241059,3281,10292,29,237,1220,,,89664,11516627,0.0332,30.1,,,,,,38067913
Canada,11/3/2020,245924,4865,10349,57,247,1305,,,69538,11586165,0.0371,26.9,,,,,,38067913
Canada,11/4/2020,248827,2903,10391,42,246,1333,,,63631,11649796,0.0373,26.8,,,,,,38067913
Canada,11/5/2020,252595,3768,10434,43,254,1370,,,79568,11729364,0.0389,25.7,,,,,,38067913
Canada,11/6/2020,257129,4534,10490,56,259,1391,,,96894,11826258,0.0407,24.6,,,,,,38067913
Canada,11/7/2020,261379,4250,10537,47,274,1377,,,102351,11928609,0.0434,23,,,,,,38067913
Canada,11/8/2020,265343,3964,10589,52,272,1383,,,99542,12028151,0.0459,21.8,,,,,,38067913
Canada,11/9/2020,270003,4660,10647,58,290,1463,,,88359,12116510,0.0482,20.7,,,,,,38067913
Canada,11/10/2020,274448,4445,10709,62,305,1556,,,76328,12192838,0.047,21.3,,,,,,38067913
Canada,11/11/2020,278484,4036,10770,61,318,1623,,,71457,12264295,0.0483,20.7,,,,,,38067913
Canada,11/12/2020,283968,5484,10846,76,336,1671,,,93945,12358240,0.0499,20,,,,,,38067913
Canada,11/13/2020,288783,4815,10895,49,353,1727,,,102517,12460757,0.0499,20,,,,,,38067913
Canada,11/14/2020,293191,4408,10958,63,353,1795,,,101597,12562354,0.0502,19.9,,,,,,38067913
Canada,11/15/2020,297235,4044,11031,73,382,1780,,,108328,12670682,0.0496,20.1,,,,,,38067913
Canada,11/16/2020,303155,5920,11105,74,393,1840,,,102551,12773233,0.0505,19.8,,,,,,38067913
Canada,11/17/2020,307574,4419,11171,66,413,1945,,,84051,12857284,0.0499,20.1,,,,,,38067913
Canada,11/18/2020,312240,4666,11273,102,409,2009,,,73940,12931224,0.0506,19.8,,,,,,38067913
Canada,11/19/2020,316986,4746,11346,73,439,2027,,,94454,13025678,0.0495,20.2,,,,,,38067913
Canada,11/20/2020,321839,4853,11411,65,424,2048,,,110689,13136367,0.0489,20.4,,,,,,38067913
Canada,11/21/2020,326758,4919,11479,68,432,2077,,,115675,13252042,0.0487,20.5,,,,,,38067913
Canada,11/22/2020,331603,4845,11537,58,446,2059,,,121297,13373339,0.0489,20.4,,,,,,38067913
Canada,11/23/2020,338570,6967,11614,77,454,2148,,,113197,13486536,0.0496,20.1,,,,,,38067913
Canada,11/24/2020,343579,5009,11705,91,457,2218,,,96924,13583460,0.0496,20.2,,,,,,38067913
Canada,11/25/2020,348883,5304,11798,93,461,2243,,,81287,13664747,0.05,20,,,,,,38067913
Canada,11/26/2020,354389,5506,11884,86,459,2324,,,101069,13765816,0.0505,19.8,,,,,,38067913
Canada,11/27/2020,360360,5971,11967,83,466,2350,,,118072,13883888,0.0515,19.4,,,,,,38067913
Canada,11/28/2020,366054,5694,12040,73,474,2422,,,132385,14016273,0.0514,19.4,,,,,,38067913
Canada,11/29/2020,371509,5455,12117,77,490,2438,,,133493,14149766,0.0514,19.5,,,,,,38067913
Canada,11/30/2020,379303,7794,12223,106,510,2545,,,127926,14277692,0.0515,19.4,,,,,,38067913
Canada,12/1/2020,384972,5669,12300,77,538,2638,,,103482,14381174,0.0519,19.3,,,,,,38067913
Canada,12/2/2020,391311,6339,12407,107,544,2720,,,92076,14473250,0.0525,19.1,,,,,,38067913
Canada,12/3/2020,397837,6526,12498,91,560,2724,,,118075,14591325,0.0526,19,,,,,,38067913
Canada,12/4/2020,404560,6723,12594,96,571,2793,,,127882,14719207,0.0529,18.9,,,,,,38067913
Canada,12/5/2020,410518,5958,12673,79,564,2830,,,133572,14852779,0.0532,18.8,,,,,,38067913
Canada,12/6/2020,416627,6109,12753,80,565,2903,,,132644,14985423,0.054,18.5,,,,,,38067913
Canada,12/7/2020,424551,7924,12878,125,584,2957,,,136914,15122337,0.0536,18.7,,,,,,38067913
Canada,12/8/2020,430624,6073,12974,96,601,3093,,,108321,15230658,0.0537,18.6,,,,,,38067913
Canada,12/9/2020,436937,6313,13084,110,620,3121,,,97655,15328313,0.0534,18.7,,,,,,38067913
Canada,12/10/2020,443594,6657,13207,123,631,3145,,,120719,15449032,0.0533,18.7,,,,,,38067913
Canada,12/11/2020,450563,6969,13340,133,654,3139,,,135740,15584772,0.0531,18.8,,,,,,38067913
Canada,12/12/2020,456663,6100,13437,97,665,3149,,,143466,15728238,0.0527,19,,,,,,38067913
Canada,12/13/2020,462322,5659,13518,81,685,3140,,,149018,15877256,0.0512,19.5,,,,,,38067913
Canada,12/14/2020,470713,8391,13661,143,685,3335,,,131408,16008664,0.0521,19.2,5,5,,,,38067913
Canada,12/15/2020,477113,6400,13768,107,704,3499,,,123736,16132400,0.0516,19.4,727,727,,,722,38067913
Canada,12/16/2020,483750,6637,13896,128,720,3549,,,96979,16229379,0.052,19.2,3025,3025,,,2298,38067913
Canada,12/17/2020,491219,7469,14044,148,720,3556,,,127245,16356624,0.0525,19.1,7279,7279,,,4254,38067913
Canada,12/18/2020,498271,7052,14166,122,722,3506,,,136648,16493272,0.0525,19,11296,11296,,,4017,38067913
Canada,12/19/2020,504535,6264,14268,102,728,3542,,,147231,16640503,0.0525,19.1,12367,12367,,,1071,38067913
Canada,12/20/2020,510557,6022,14357,89,735,3506,,,142846,16783349,0.0532,18.8,13228,13228,,,861,38067913
Canada,12/21/2020,518075,7518,14467,110,728,3616,,,139628,16922977,0.0518,19.3,21073,21073,,,7845,38067913
Canada,12/22/2020,524243,6168,14588,121,728,3726,,,114755,17037732,0.0521,19.2,26862,26861,1,,5789,38067913
Canada,12/23/2020,531064,6821,14733,145,726,3725,,,102336,17140068,0.052,19.2,35547,35546,1,,8685,38067913
Canada,12/24/2020,537908,6844,14877,144,740,3694,,,129086,17269154,0.0512,19.5,45745,45744,1,,10198,38067913
Canada,12/25/2020,543786,5878,14983,106,740,3714,,,135871,17405025,0.0499,20,48792,48791,1,,3047,38067913
Canada,12/26/2020,549063,5277,15083,100,750,3491,,,128050,17533075,0.0499,20,48808,48807,1,,16,38067913
Canada,12/27/2020,554409,5346,15206,123,739,3596,,,99801,17632876,0.0516,19.4,52419,52418,1,,3611,38067913
Canada,12/28/2020,559790,5381,15318,112,757,3747,,,75543,17708419,0.0531,18.8,59041,59040,1,,6622,38067913
Canada,12/29/2020,568532,8742,15520,202,776,3776,,,78373,17786792,0.0591,16.9,72057,72055,2,,13016,38067913
Canada,12/30/2020,576299,7767,15625,105,793,4180,,,77400,17864192,0.0625,16,85497,85495,2,,13440,38067913
Canada,12/31/2020,583232,6933,15736,111,816,4187,,,100903,17965095,0.0651,15.4,98442,98440,2,,12945,38067913
Canada,1/1/2021,588735,5503,15819,83,817,4212,,,132528,18097623,0.0649,15.4,105404,105401,3,,6962,38067913
Canada,1/2/2021,595053,6318,15922,103,814,3970,,,132347,18229970,0.066,15.2,110048,110045,3,,4644,38067913
Canada,1/3/2021,604327,9274,15992,70,840,4012,,,112605,18342575,0.0703,14.2,115256,115253,3,,5208,38067913
Canada,1/4/2021,614104,9777,16224,232,833,4263,,,88136,18430711,0.0752,13.3,138858,138855,3,,23602,38067913
Canada,1/5/2021,621404,7300,16370,146,859,4457,,,83429,18514140,0.0727,13.8,156683,156677,6,,17825,38067913
Canada,1/6/2021,629780,8376,16506,136,870,4651,,,83472,18597612,0.0729,13.7,184772,184324,448,,28089,38067913
Canada,1/7/2021,638432,8652,16689,183,863,4592,,,118708,18716320,0.0735,13.6,221912,220488,1424,,37140,38067913
Canada,1/8/2021,647805,9373,16819,130,873,4554,,,135490,18851810,0.0783,12.8,263780,261086,2694,,41868,38067913
Canada,1/9/2021,654813,7008,16949,130,890,4527,,,146263,18998073,0.0778,12.9,299989,296053,3936,,36209,38067913
Canada,1/10/2021,662074,7261,17065,116,885,4525,,,141597,19139670,0.0724,13.8,323497,319545,3952,,23508,38067913
Canada,1/11/2021,669891,7817,17190,125,894,4683,,,121039,19260709,0.0672,14.9,361841,357878,3963,,38344,38067913
Canada,1/12/2021,676433,6542,17338,148,901,4879,,,95175,19355884,0.0654,15.3,393052,387536,5516,,31211,38067913
Canada,1/13/2021,683231,6798,17519,181,924,4868,,,93543,19449427,0.0627,15.9,423365,410079,13286,,30313,38067913
Canada,1/14/2021,690608,7377,17666,147,924,4848,,,120037,19569464,0.0612,16.4,466005,449649,16356,,42640,38067913
Canada,1/15/2021,697384,6776,17843,177,908,4787,,,144244,19713708,0.0575,17.4,515478,496065,19413,,49473,38067913
Canada,1/16/2021,703561,6177,17957,114,910,4706,,,146343,19860051,0.0566,17.7,553360,532763,20597,,37882,38067913
Canada,1/17/2021,709762,6201,18097,140,894,4614,,,141710,20001761,0.0553,18.1,581955,560100,21855,,28595,38067913
Canada,1/18/2021,715921,6159,18222,125,887,4645,,,120599,20122360,0.0534,18.7,623250,600660,22590,,41295,38067913
Canada,1/19/2021,720732,4811,18360,138,890,4683,,,83617,20205977,0.0521,19.2,662635,637795,24840,,39385,38067913
Canada,1/20/2021,726550,5818,18548,188,891,4612,,,79456,20285433,0.0518,19.3,705977,667985,37992,,43342,38067913
Canada,1/21/2021,732676,6126,18688,140,881,4490,,,122456,20407889,0.0502,19.9,749071,705279,43792,,43094,38067913
Canada,1/22/2021,738536,5860,18864,176,874,4395,,,138310,20546199,0.0494,20.2,787098,736970,50128,,38027,38067913
Canada,1/23/2021,743305,4769,18981,117,895,4344,,,142228,20688427,0.048,20.8,814582,760072,54510,,27484,38067913
Canada,1/24/2021,747865,4560,19111,130,888,4204,,,129020,20817447,0.0467,21.4,829258,772089,57169,,14676,38067913
Canada,1/25/2021,753508,5643,19237,126,882,4165,,,106923,20924370,0.0469,21.3,852707,787301,65406,,23449,38067913
Canada,1/26/2021,757704,4196,19380,143,870,4215,,,77462,21001832,0.0465,21.5,882364,808739,73625,,29657,38067913
Canada,1/27/2021,761853,4149,19465,85,880,4087,,,76650,21078482,0.0445,22.5,905482,822307,83175,,23118,38067913
Canada,1/28/2021,766648,4795,19665,200,862,3975,,,123413,21201895,0.0428,23.4,930500,837386,93114,,25018,38067913
Canada,1/29/2021,771329,4681,19802,137,859,3890,,,132951,21334846,0.0416,24,952276,849720,102556,,21776,38067913
Canada,1/30/2021,775450,4121,19943,141,834,3797,,,136926,21471772,0.041,24.4,967430,856362,111068,,15154,38067913
Canada,1/31/2021,779029,3579,20033,90,825,3617,,,121406,21593178,0.0402,24.9,972603,858979,113624,,5173,38067913
Canada,2/1/2021,783730,4701,20137,104,819,3610,,,102060,21695238,0.0392,25.5,990915,872708,118207,,18312,38067913
Canada,2/2/2021,786672,2942,20214,77,799,3649,,,70324,21765562,0.0379,26.4,1002530,879389,123141,,11615,38067913
Canada,2/3/2021,789936,3264,20356,142,788,3486,,,72422,21837984,0.037,27,1016197,883703,132494,,13667,38067913
Canada,2/4/2021,794006,4070,20514,158,770,3432,,,109852,21947836,0.0367,27.3,1035774,890725,145049,,19577,38067913
Canada,2/5/2021,798146,4140,20610,96,758,3312,,,124909,22072745,0.0363,27.5,1059347,900973,158374,,23573,38067913
Canada,2/6/2021,801289,3143,20703,93,747,3188,,,124016,22196761,0.0356,28.1,1080961,908824,172137,,21614,38067913
Canada,2/7/2021,804248,2959,20768,65,750,3058,,,122198,22318959,0.0347,28.8,1094816,914887,179929,,13855,38067913
Canada,2/8/2021,808034,3786,20836,68,742,3029,,,99304,22418263,0.0336,29.7,1116233,925353,190880,,21417,38067913
Canada,2/9/2021,810854,2820,20910,74,702,2997,,,66348,22484611,0.0336,29.7,1143038,934799,208239,,26805,38067913
Canada,2/10/2021,814212,3358,21005,95,697,2975,,,72486,22557097,0.0338,29.6,1172962,944486,228476,,29924,38067913
Canada,2/11/2021,817287,3075,21089,84,667,2816,,,114132,22671229,0.0322,31.1,1206692,957134,249555,3,33730,38067913
Canada,2/12/2021,820468,3181,21163,74,647,2638,,,129621,22800850,0.0307,32.6,1244168,971187,272976,5,37476,38067913
Canada,2/13/2021,823298,2830,21229,66,629,2608,,,121554,22922404,0.0303,33,1278201,983857,294339,5,34033,38067913
Canada,2/14/2021,825543,2245,21294,65,630,2503,,,117756,23040160,0.0295,33.9,1294437,986212,308220,5,16236,38067913
Canada,2/15/2021,827582,2039,21325,31,637,2542,,,98615,23138775,0.0271,36.9,1305088,987931,317152,5,10651,38067913
Canada,2/16/2021,831456,3874,21398,73,646,2531,,,70447,23209222,0.0284,35.2,1331046,996479,334562,5,25958,38067913
Canada,2/17/2021,834043,2587,21436,38,641,2504,,,68521,23277743,0.0275,36.3,1352501,1001415,351081,5,21455,38067913
Canada,2/18/2021,837317,3274,21499,63,612,2497,,,88279,23366022,0.0288,34.7,1380041,1009196,370840,5,27540,38067913
Canada,2/19/2021,840384,3067,21577,78,597,2375,,,120726,23486748,0.029,34.4,1430536,1034975,395554,7,50495,38067913
Canada,2/20/2021,843048,2664,21631,54,574,2335,,,129338,23616086,0.0285,35.1,1482365,1069018,413336,11,51829,38067913
Canada,2/21/2021,845549,2501,21675,44,585,2274,,,112310,23728396,0.0291,34.4,1523672,1097797,425863,12,41307,38067913
Canada,2/22/2021,849245,3696,21724,49,595,2273,,,94745,23823141,0.0317,31.6,1585896,1127804,458079,13,62224,38067913
Canada,2/23/2021,852090,2845,21763,39,604,2360,,,69679,23892820,0.0302,33.1,1635545,1158560,476972,13,49649,38067913
Canada,2/24/2021,854994,2904,21808,45,617,2255,,,69040,23961860,0.0306,32.7,1682122,1190373,491736,13,46577,38067913
Canada,2/25/2021,858039,3045,21866,58,604,2193,,,115846,24077706,0.0291,34.3,1740987,1232120,508854,13,58865,38067913
Canada,2/26/2021,861282,3243,21916,50,605,2163,,,127724,24205430,0.0291,34.4,1809401,1287658,521730,13,68414,38067913
Canada,2/27/2021,863850,2568,21961,45,585,2126,,,122987,24328417,0.0292,34.2,1871736,1341894,529829,13,62335,38067913
Canada,2/28/2021,866002,2152,21995,34,601,2069,,,115600,24444017,0.0286,35,1917698,1382137,535548,13,45962,38067913
Canada,3/1/2021,869572,3570,22018,23,602,2114,,,101453,24545470,0.0281,35.5,1977483,1428486,548984,13,59785,38067913
Canada,3/2/2021,872461,2889,22046,28,604,2166,,,75664,24621134,0.028,35.8,2053042,1493357,559672,13,75559,38067913
Canada,3/3/2021,875228,2767,22106,60,586,2138,,,77132,24698266,0.0275,36.4,2128257,1561481,566763,13,75215,38067913
Canada,3/4/2021,878211,2983,22152,46,584,2111,,,115024,24813290,0.0274,36.5,2207974,1635941,572020,13,79717,38067913
Canada,3/5/2021,881484,3273,22193,41,582,2080,,,125823,24939113,0.0275,36.3,2294574,1718976,575585,13,86600,38067913
Canada,3/6/2021,883805,2321,22214,21,579,2031,,,128656,25067769,0.027,37.1,2368415,1790357,578045,13,73841,38067913
Canada,3/7/2021,886195,2390,22240,26,572,2003,,,112774,25180543,0.0274,36.5,2425632,1845928,579691,13,57217,38067913
Canada,3/8/2021,890355,4160,22277,37,577,2022,,,96855,25277398,0.0284,35.2,2512301,1922552,589736,13,86669,38067913
Canada,3/9/2021,893324,2969,22305,28,594,2086,,,76059,25353457,0.0285,35.1,2583178,1989318,593845,15,70877,38067913
Canada,3/10/2021,896470,3146,22336,31,578,2066,,,76578,25430035,0.029,34.4,2662673,2063397,599261,15,79495,38067913
Canada,3/11/2021,899507,3037,22372,36,580,2046,,,113863,25543898,0.0291,34.3,2761545,2157191,604339,15,98872,38067913
Canada,3/12/2021,903041,3534,22405,33,577,2026,,,120366,25664264,0.0297,33.6,2873952,2266105,607832,15,112407,38067913
Canada,3/13/2021,905894,2853,22435,30,571,2039,,,123598,25787862,0.0307,32.6,2980307,2369462,610828,17,106355,38067913
Canada,3/14/2021,908781,2887,22464,29,576,1935,,,113550,25901412,0.0313,31.9,3073337,2460538,612782,17,93030,38067913
Canada,3/15/2021,912653,3872,22496,32,600,2069,,,94826,25996238,0.031,32.2,3198156,2579970,618169,17,124819,38067913
Canada,3/16/2021,915633,2980,22520,24,601,2128,,,72540,26068778,0.0312,32.1,3320083,2697381,622683,19,121927,38067913
Canada,3/17/2021,919031,3398,22555,35,622,2108,,,72677,26141455,0.0317,31.5,3461496,2833311,628165,20,141413,38067913
Canada,3/18/2021,922700,3669,22591,36,622,2085,,,109185,26250640,0.0328,30.5,3619114,2985249,633845,20,157618,38067913
Canada,3/19/2021,926954,4254,22618,27,627,2102,,,121065,26371705,0.0338,29.6,3784586,3144176,640390,20,165472,38067913
Canada,3/20/2021,930312,3358,22644,26,615,2112,,,120344,26492049,0.0347,28.8,3918531,3272970,645540,21,133945,38067913
Canada,3/21/2021,933598,3286,22677,33,626,2112,,,100779,26592828,0.0359,27.9,4009123,3360361,648741,21,90592,38067913
Canada,3/22/2021,938525,4927,22717,40,627,2193,,,111555,26704383,0.0365,27.4,4155488,3503285,652182,21,146365,38067913
Canada,3/23/2021,942242,3717,22736,19,658,2287,,,73918,26778301,0.0375,26.7,4282355,3625510,656822,23,126867,38067913
Canada,3/24/2021,946536,4294,22760,24,669,2278,,,80180,26858481,0.0384,26.1,4455268,3793318,661926,24,172913,38067913
Canada,3/25/2021,951793,5257,22791,31,663,2293,,,119182,26977663,0.04,25,4646856,3977955,668877,24,191588,38067913
Canada,3/26/2021,956941,5148,22827,36,694,2273,,,132838,27110501,0.0406,24.6,4865929,4188402,677503,24,219073,38067913
Canada,3/27/2021,961295,4354,22853,26,700,2343,,,123165,27233666,0.0418,23.9,5036282,4352254,684003,25,170353,38067913
Canada,3/28/2021,965523,4228,22881,28,706,2269,,,124221,27357887,0.0417,24,5184783,4496584,688174,25,148501,38067913
Canada,3/29/2021,971890,6367,22901,20,726,2221,,,108493,27466380,0.0438,22.8,5373570,4679410,694135,25,188787,38067913
Canada,3/30/2021,976901,5011,22927,26,728,2506,,,83928,27550308,0.0449,22.3,5548659,4846109,702525,25,175089,38067913
Canada,3/31/2021,982820,5919,22960,33,740,2516,,,94212,27644520,0.0462,21.7,5773517,5062421,711071,25,224858,38067913
Canada,4/1/2021,988635,5815,23003,43,757,2537,,,128335,27772855,0.0463,21.6,5983274,5261381,721867,26,209757,38067913
Canada,4/2/2021,993284,4649,23031,28,766,2605,,,139412,27912267,0.0453,22.1,6154817,5426559,728231,27,171543,38067913
Canada,4/3/2021,999154,5870,23051,20,801,2231,,,134665,28046932,0.0466,21.5,6349758,5617912,731817,29,194941,38067913
Canada,4/4/2021,1003570,4416,23075,24,833,2253,,,128624,28175556,0.0465,21.5,6471197,5738473,732694,30,121439,38067913
Canada,4/5/2021,1010980,7410,23096,21,873,2426,,,103282,28278838,0.0481,20.8,6653352,5907296,746026,30,182155,38067913
Canada,4/6/2021,1021686,10706,23142,46,879,2692,,,85363,28364201,0.055,18.2,6856288,6098212,758045,31,202936,38067913
Canada,4/7/2021,1029204,7518,23174,32,897,2963,,,90246,28454447,0.0573,17.5,7091942,6316059,775852,31,235654,38067913
Canada,4/8/2021,1037310,8106,23212,38,928,3024,,,123638,28578085,0.0604,16.5,7351827,6557648,794148,31,259885,38067913
Canada,4/9/2021,1046733,9423,23252,40,962,3088,,,147257,28725342,0.0657,15.2,7656301,6842758,813509,34,304474,38067913
Canada,4/10/2021,1053873,7140,23288,36,1000,3141,,,150904,28876246,0.066,15.2,7899977,7069756,830187,34,243676,38067913
Canada,4/11/2021,1061451,7578,23316,28,1026,3187,,,141637,29017883,0.0687,14.6,8083375,7248157,835183,35,183398,38067913
Canada,4/12/2021,1072130,10679,23357,41,1059,3388,,,129708,29147591,0.0704,14.2,8420680,7566276,854368,36,337305,38067913
Canada,4/13/2021,1079724,7594,23393,36,1067,3605,,,110265,29257856,0.0649,15.4,8693642,7824278,869327,37,272962,38067913
Canada,4/14/2021,1088278,8554,23446,53,1097,3721,,,106751,29364607,0.0649,15.4,8992974,8109670,883266,38,299332,38067913
Canada,4/15/2021,1098013,9735,23501,55,1117,3766,,,133832,29498439,0.066,15.2,9302575,8402488,900049,38,309601,38067913
Canada,4/16/2021,1107287,9274,23542,41,1178,3811,,,160320,29658759,0.0649,15.4,9625339,8717595,907704,40,322764,38067913
Canada,4/17/2021,1114876,7589,23592,50,1213,3970,,,151379,29810138,0.0653,15.3,9880550,8948776,931734,40,255211,38067913
Canada,4/18/2021,1122145,7269,23624,32,1237,4010,,,140001,29950139,0.0651,15.4,10081570,9144196,937331,43,201020,38067913
Canada,4/19/2021,1132525,10380,23668,44,1262,4145,,,123321,30073460,0.0652,15.3,10344552,9386809,957698,45,262982,38067913
Canada,4/20/2021,1139882,7357,23714,46,1295,4337,,,102172,30175632,0.0655,15.3,10583957,9614313,969598,46,239405,38067913
Canada,4/21/2021,1148285,8403,23764,50,1325,4351,,,105804,30281436,0.0655,15.3,10903024,9919771,983203,50,319067,38067913
Canada,4/22/2021,1156512,8227,23823,59,1345,4422,,,137021,30418457,0.0636,15.7,11269172,10267961,1001159,52,366148,38067913
Canada,4/23/2021,1165128,8616,23884,61,1367,4354,,,140849,30559306,0.0642,15.6,11633880,10613593,1020228,59,364708,38067913
Canada,4/24/2021,1172639,7511,23928,44,1391,4350,,,145991,30705297,0.0645,15.5,11923215,10887081,1036073,61,289335,38067913
Canada,4/25/2021,1179498,6859,23966,38,1405,4200,,,135441,30840738,0.0644,15.5,12155950,11110052,1045835,63,232735,38067913
Canada,4/26/2021,1188508,9010,24025,59,1434,4384,,,119641,30960379,0.0631,15.8,12419564,11364593,1054905,66,263614,38067913
Canada,4/27/2021,1195765,7257,24066,41,1436,4491,,,104008,31064387,0.0629,15.9,12681917,11606188,1075659,70,262353,38067913
Canada,4/28/2021,1203487,7722,24118,52,1431,4416,,,108834,31173221,0.0619,16.2,12947754,11855559,1092121,74,265837,38067913
Canada,4/29/2021,1211906,8419,24170,52,1463,4354,,,151954,31325175,0.0611,16.4,13254402,12141206,1113120,76,306648,38067913
Canada,4/30/2021,1220378,8472,24220,50,1456,4303,,,154117,31479292,0.0601,16.7,13536973,12405771,1131122,80,282571,38067913
Canada,5/1/2021,1227807,7429,24262,42,1469,4236,,,150510,31629802,0.0597,16.8,13771556,12621256,1150212,88,234583,38067913
Canada,5/2/2021,1234732,6925,24301,39,1468,4068,,,126896,31756698,0.0603,16.6,13945048,12783247,1161709,92,173492,38067913
Canada,5/3/2021,1243856,9124,24342,41,1462,4045,,,141190,31897888,0.059,16.9,14172299,13001756,1170449,94,227251,38067913
Canada,5/4/2021,1250657,6801,24397,55,1462,4311,,,111601,32009489,0.0581,17.2,14407259,13216836,1190321,102,234960,38067913
Canada,5/5/2021,1258031,7374,24451,54,1438,4213,,,118179,32127668,0.0571,17.5,14694142,13485254,1208779,109,286883,38067913
Canada,5/6/2021,1266161,8130,24490,39,1425,4066,,,138592,32266260,0.0577,17.3,15054064,13822189,1231759,116,359922,38067913
Canada,5/7/2021,1274073,7912,24530,40,1409,4035,,,142659,32408919,0.0578,17.3,15454178,14196474,1257579,125,400114,38067913
Canada,5/8/2021,1280731,6658,24569,39,1391,3913,,,140834,32549753,0.0575,17.4,15784080,14505759,1278194,127,329902,38067913
Canada,5/9/2021,1287175,6444,24627,58,1386,3720,,,107001,32656754,0.0583,17.2,16057056,14770325,1286599,132,272976,38067913
Canada,5/10/2021,1294719,7544,24683,56,1368,3721,,,90029,32746783,0.0599,16.7,16393848,15088908,1304807,133,336792,38067913
Canada,5/11/2021,1300278,5559,24715,32,1345,3905,,,120569,32867352,0.0578,17.3,16697800,15373042,1324619,139,303952,38067913
Canada,5/12/2021,1306606,6328,24769,54,1329,3832,,,133776,33001128,0.0556,18,17048534,15699585,1348808,141,350734,38067913
Canada,5/13/2021,1313330,6724,24826,57,1330,3783,,,129090,33130218,0.0546,18.3,17445870,16067919,1377806,145,397336,38067913
Canada,5/14/2021,1319274,5944,24870,44,1343,3700,,,130406,33260624,0.0531,18.8,17880977,16467658,1413171,148,435107,38067913
Canada,5/15/2021,1324439,5165,24909,39,1346,3621,,,123074,33383698,0.0524,19.1,18248031,16809433,1438441,157,367054,38067913
Canada,5/16/2021,1329183,4744,24949,40,1350,3333,,,98467,33482165,0.0509,19.6,18567225,17112963,1454104,158,319194,38067913
Canada,5/17/2021,1334737,5554,24983,34,1332,3362,,,110108,33592273,0.0473,21.1,18959634,17490690,1468784,160,392409,38067913
Canada,5/18/2021,1338807,4070,25019,36,1321,3552,,,76001,33668274,0.0481,20.8,19246660,17749565,1496930,165,287026,38067913
Canada,5/19/2021,1343270,4463,25067,48,1283,3432,,,85837,33754111,0.0487,20.5,19606598,18072913,1533515,170,359938,38067913
Canada,5/20/2021,1348341,5071,25112,45,1243,3301,,,109518,33863629,0.0477,20.9,20007793,18429665,1577950,178,401195,38067913
Canada,5/21/2021,1352819,4478,25163,51,1233,3182,,,115414,33979043,0.0467,21.4,20493274,18860936,1632148,190,485481,38067913
Canada,5/22/2021,1356453,3634,25204,41,1204,3070,,,104070,34083113,0.0458,21.8,20885402,19202734,1682472,196,392128,38067913
Canada,5/23/2021,1359740,3287,25232,28,1190,2888,,,73772,34156885,0.0453,22.1,21196087,19489435,1706455,197,310685,38067913
Canada,5/24/2021,1362546,2806,25262,30,1171,2802,,,61928,34218813,0.0444,22.5,21553782,19827192,1726387,203,357695,38067913
Canada,5/25/2021,1366078,3532,25325,63,1174,2837,,,96538,34315351,0.0421,23.7,21809403,20059797,1749400,206,255621,38067913
Canada,5/26/2021,1368823,2745,25362,37,1149,2851,,,56992,34372343,0.0413,24.2,22133106,20330012,1802878,216,323703,38067913
Canada,5/27/2021,1371767,2944,25412,50,1108,2796,,,77218,34449561,0.04,25,22527084,20660790,1866070,224,393978,38067913
Canada,5/28/2021,1374948,3181,25441,29,1078,2707,,,100596,34550157,0.0387,25.8,22986580,21048421,1937922,237,459496,38067913
Canada,5/29/2021,1377300,2352,25479,38,1050,2556,,,100197,34650354,0.0368,27.2,23334734,21326713,2007771,250,348154,38067913
Canada,5/30/2021,1379495,2195,25513,34,1040,2320,,,66999,34717353,0.0352,28.4,23653885,21579750,2073875,260,319151,38067913
Canada,5/31/2021,1382077,2582,25548,35,1032,2246,,,72716,34790069,0.0342,29.2,24044376,21904694,2139416,266,390491,38067913
Canada,6/1/2021,1383788,1711,25567,19,988,2308,,,72790,34862859,0.0323,30.9,24359699,22136440,2222979,280,315323,38067913
Canada,6/2/2021,1385860,2072,25613,46,953,2172,,,65068,34927927,0.0307,32.6,24706800,22382121,2324364,315,347101,38067913
Canada,6/3/2021,1388029,2169,25645,32,898,2107,,,89777,35017704,0.0286,34.9,25121751,22656936,2464483,332,414951,38067913
Canada,6/4/2021,1390047,2018,25680,35,852,2010,,,86977,35104681,0.0272,36.7,25582848,22947809,2634678,361,461097,38067913
Canada,6/5/2021,1391700,1653,25713,33,834,1924,,,58250,35162931,0.0281,35.6,25962565,23182309,2779889,367,379717,38067913
Canada,6/6/2021,1393061,1361,25725,12,815,1840,,,8248,35171179,0.0299,33.5,26286632,23379785,2906466,381,324067,38067913
Canada,6/7/2021,1394613,1552,25762,37,806,1800,,,146126,35317305,0.0238,42.1,26695374,23634242,3060747,385,408742,38067913
Canada,6/8/2021,1395930,1317,25792,30,778,1849,,,47048,35364353,0.0242,41.3,27048472,23797186,3250887,399,353098,38067913
Canada,6/9/2021,1397314,1384,25844,52,752,1774,,,58620,35422973,0.0231,43.2,27453236,23962491,3490333,412,404764,38067913
Canada,6/10/2021,1398817,1503,25874,30,733,1648,,,81056,35504029,0.0222,45.1,27931194,24140048,3790710,436,477958,38067913
Canada,6/11/2021,1400227,1410,25887,13,711,1585,,,77887,35581916,0.0213,46.9,28434123,24313887,4119783,453,502929,38067913
Canada,6/12/2021,1401464,1237,25915,28,681,1521,,,57349,35639265,0.0205,48.8,28853968,24441652,4411834,482,419845,38067913
Canada,6/13/2021,1402558,1094,25932,17,690,1402,,,8252,35647517,0.0199,50.2,29232669,24558609,4673552,508,378701,38067913
Canada,6/14/2021,1403701,1143,25946,14,664,1383,,,137945,35785462,0.0194,51.5,29680344,24689287,4990517,540,447675,38067913
Canada,6/15/2021,1404587,886,25973,27,624,1429,,,45284,35830746,0.0186,53.9,30129144,24807015,5321555,574,448800,38067913
Canada,6/16/2021,1405625,1038,26001,28,609,1373,,,59171,35889917,0.0178,56.2,30594190,24904910,5688674,606,465046,38067913
Canada,6/17/2021,1406739,1114,26013,12,579,1295,,,84632,35974549,0.0168,59.4,31101741,25009056,6092047,638,507551,38067913
Canada,6/18/2021,1407749,1010,26024,11,572,1251,,,78156,36052705,0.016,62.6,31637585,25107001,6529912,672,535844,38067913
Canada,6/19/2021,1408565,816,26055,31,545,1185,,,52142,36104847,0.0153,65.6,32059720,25174615,6884371,734,422135,38067913
Canada,6/20/2021,1409234,669,26077,22,547,1104,,,6451,36111298,0.0144,69.5,32410322,25234844,7174726,752,350602,38067913
Canada,6/21/2021,1409988,754,26087,10,538,1068,,,132344,36243642,0.0137,72.9,32816721,25315094,7500859,768,406399,38067913
Canada,6/22/2021,1410658,670,26155,68,520,1102,,,43848,36287490,0.0133,75.2,33289191,25378250,7910137,804,472470,38067913
Canada,6/23/2021,1411330,672,26176,21,514,1056,,,57255,36344745,0.0125,79.7,33805927,25437415,8367662,850,516736,38067913
Canada,6/24/2021,1412036,706,26193,17,491,1016,,,70980,36415725,0.012,83.3,34398523,25506073,8891527,923,592596,38067913
Canada,6/25/2021,1412624,588,26198,5,478,978,,,68938,36484663,0.0113,88.6,34920486,25562715,9356822,949,521963,38067913
Canada,6/26/2021,1413247,623,26215,17,477,967,,,42381,36527044,0.0111,90.2,35364921,25607135,9756793,993,444435,38067913
Canada,6/27/2021,1413731,484,26228,13,479,901,,,6086,36533130,0.0107,93.8,35724421,25648687,10074700,1034,359500,38067913
Canada,6/28/2021,1414461,730,26239,11,458,894,,,110856,36643986,0.0112,89.5,36429296,25731921,10696323,1052,704875,38067913
Canada,6/29/2021,1415151,690,26275,36,438,908,,,61585,36705571,0.0107,93.1,37017067,25789267,11226699,1101,587771,38067913
Canada,6/30/2021,1415652,501,26296,21,434,880,,,62821,36768392,0.0102,98,37623803,25845528,11777117,1158,606736,38067913
Canada,7/1/2021,1416026,374,26315,19,435,873,,,66167,36834559,0.0095,105,38086314,25886490,12198554,1270,462511,38067913
Canada,7/2/2021,1416684,658,26339,24,404,754,,,63015,36897574,0.0098,101.7,38653746,25942806,12709604,1336,567432,38067913
Canada,7/3/2021,1417059,375,26349,10,387,773,,,44743,36942317,0.0092,108.9,39015073,25973342,13040331,1400,361327,38067913
Canada,7/4/2021,1417407,348,26361,12,380,714,,,4093,36946410,0.0089,112.4,39336123,26003593,13331085,1445,321050,38067913
Canada,7/5/2021,1418016,609,26369,8,360,699,,,97375,37043785,0.0089,112.5,39937751,26059707,13876048,1996,601628,38067913
Canada,7/6/2021,1418443,427,26382,13,353,746,,,42784,37086569,0.0086,115.7,40420180,26101765,14315888,2527,482429,38067913
Canada,7/7/2021,1418970,527,26388,6,339,744,,,62189,37148758,0.0087,114.6,40923612,26144812,14776180,2620,503432,38067913
Canada,7/8/2021,1419544,574,26406,18,335,705,,,66248,37215006,0.0092,108.1,41545231,26204637,15337883,2711,621619,38067913
Canada,7/9/2021,1420089,545,26420,14,322,686,,,64407,37279413,0.0089,112.1,42091454,26255498,15833178,2778,546223,38067913
Canada,7/10/2021,1420458,369,26429,9,317,664,,,48663,37328076,0.0088,113.5,42457323,26289540,16164935,2848,365869,38067913
Canada,7/11/2021,1420764,306,26437,8,319,617,,,4739,37332815,0.0087,115.1,42743119,26316981,16423251,2887,285796,38067913
Canada,7/12/2021,1421218,454,26440,3,318,604,,,121240,37454055,0.0078,128.1,43247927,26370720,16874288,2919,504808,38067913
Canada,7/13/2021,1421572,354,26451,11,307,627,,,110421,37564476,0.0065,152.7,43663362,26409089,17251309,2964,415435,38067913
Canada,7/14/2021,1421904,332,26459,8,290,617,,,49284,37613760,0.0063,158.5,44089772,26452910,17633834,3028,426410,38067913
Canada,7/15/2021,1422306,402,26473,14,273,597,,,65627,37679387,0.0059,168.1,44528300,26498406,18026795,3099,438528,38067913
Canada,7/16/2021,1422659,353,26490,17,259,588,,,68160,37747547,0.0055,182.2,44960292,26544338,18412793,3161,431992,38067913
Canada,7/17/2021,1423028,369,26494,4,252,571,,,46674,37794221,0.0055,181.4,45262147,26577081,18681854,3212,301855,38067913
Canada,7/18/2021,1423368,340,26501,7,252,534,,,4023,37798244,0.0056,178.7,45487491,26600873,18883349,3269,225344,38067913
Canada,7/19/2021,1423922,554,26505,4,250,519,,,109242,37907486,0.006,167.7,45913764,26643869,19266611,3284,426273,38067913
Canada,7/20/2021,1424238,316,26509,4,249,537,,,40215,37947701,0.007,143.7,46248907,26680105,19565469,3333,335143,38067913
Canada,7/21/2021,1424735,497,26513,4,248,520,,,46839,37994540,0.0074,134.5,46634390,26719846,19911150,3394,385483,38067913
Canada,7/22/2021,1425118,383,26527,14,242,523,,,60025,38054565,0.0075,133.4,47015757,26762054,20250237,3466,381367,38067913
Canada,7/23/2021,1425724,606,26540,13,234,506,,,56708,38111273,0.0084,118.7,47370865,26802924,20564400,3541,355108,38067913
Canada,7/24/2021,1426121,397,26545,5,231,491,,,36045,38147318,0.0088,114.2,47619920,26833628,20782670,3622,249055,38067913
Canada,7/25/2021,1426451,330,26549,4,228,452,,,4094,38151412,0.0087,114.6,47816827,26856812,20956259,3756,196907,38067913
Canada,7/26/2021,1427383,932,26553,4,225,456,,,115934,38267346,0.0096,104,48207965,26898464,21305448,4053,391138,38067913
Canada,7/27/2021,1427933,550,26561,8,228,476,,,38863,38306209,0.0103,97,48486961,26934981,21547505,4475,278996,38067913
Canada,7/28/2021,1428696,763,26571,10,218,458,,,44907,38351116,0.0111,90,48762276,26974027,21783373,4876,275315,38067913
Canada,7/29/2021,1429597,901,26577,6,219,454,,,58254,38409370,0.0126,79.2,49032369,27013432,22013722,5215,270093,38067913
Canada,7/30/2021,1430496,899,26593,16,207,447,,,57498,38466868,0.0134,74.5,49289950,27051996,22232428,5526,257581,38067913
Canada,7/31/2021,1431027,531,26599,6,201,444,,,62250,38529118,0.0128,77.8,49471379,27077956,22387511,5912,181429,38067913
Canada,8/1/2021,1431464,437,26601,2,199,419,,,48738,38577856,0.0118,85.1,49616532,27098523,22511850,6159,145153,38067913
Canada,8/2/2021,1431818,354,26602,1,199,430,,,39737,38617593,0.0127,79,49710647,27110955,22593297,6395,94115,38067913
Canada,8/3/2021,1433795,1977,26608,6,196,428,,,34695,38652288,0.0169,59,49989091,27149857,22832510,6724,278444,38067913
Canada,8/4/2021,1434754,959,26619,11,202,475,,,61348,38713636,0.0167,59.8,50156034,27178543,22970427,7064,166943,38067913
Canada,8/5/2021,1436198,1444,26638,19,200,480,,,54237,38767873,0.0184,54.3,50345364,27212837,23125079,7448,189330,38067913
Canada,8/6/2021,1437715,1517,26655,17,202,488,,,68031,38835904,0.0196,51.1,50520641,27245008,23267702,7931,175277,38067913
Canada,8/7/2021,1438467,752,26664,9,203,515,,,52603,38888507,0.0207,48.3,50648214,27267957,23371737,8520,127573,38067913
Canada,8/8/2021,1439265,798,26670,6,206,462,,,4910,38893417,0.0247,40.5,50748242,27284667,23454726,8849,100028,38067913
Canada,8/9/2021,1442109,2844,26679,9,202,493,,,131017,39024434,0.0253,39.5,50933683,27317545,23607045,9093,185441,38067913
Canada,8/10/2021,1443448,1339,26684,5,207,512,,,45617,39070051,0.0231,43.3,51070117,27343839,23716717,9561,136434,38067913
Canada,8/11/2021,1445317,1869,26689,5,219,530,,,55134,39125185,0.0257,39,51207067,27371466,23825594,10007,136950,38067913
Canada,8/12/2021,1447453,2136,26693,4,233,571,,,73972,39199157,0.0261,38.3,51359334,27403699,23945201,10434,152267,38067913
Canada,8/13/2021,1449860,2407,26699,6,235,583,,,72132,39271289,0.0279,35.8,51506588,27437199,24058411,10978,147254,38067913
Canada,8/14/2021,1450999,1139,26702,3,236,600,,,54585,39325874,0.0287,34.9,51622673,27460625,24150522,11526,116085,38067913
Canada,8/15/2021,1451974,975,26701,-1,241,559,,,4774,39330648,0.0291,34.4,51720513,27479340,24229281,11892,97840,38067913
Canada,8/16/2021,1455966,3992,26705,4,261,597,,,122418,39453066,0.0323,30.9,51884824,27512130,24360564,12130,164311,38067913
Canada,8/17/2021,1457779,1813,26720,15,274,687,,,66414,39519480,0.0319,31.4,52021878,27540862,24468475,12541,137054,38067913
Canada,8/18/2021,1460186,2407,26762,42,288,706,,,57964,39577444,0.0329,30.4,52146607,27570871,24562728,13008,124729,38067913
Canada,8/19/2021,1462918,2732,26784,22,284,743,,,76230,39653674,0.034,29.4,52283603,27607885,24662167,13551,136996,38067913
Canada,8/20/2021,1465909,2991,26790,6,303,782,,,77557,39731231,0.0349,28.7,52411450,27644554,24752920,13976,127847,38067913
Canada,8/21/2021,1467348,1439,26791,1,298,802,,,79411,39810642,0.0337,29.7,52512549,27670230,24827798,14521,101099,38067913
Canada,8/22/2021,1468753,1405,26793,2,306,773,,,64600,39875242,0.0308,32.5,52590282,27688705,24886760,14817,77733,38067913
Canada,8/23/2021,1473687,4934,26815,22,345,845,,,57327,39932569,0.037,27.1,52711221,27718645,24977514,15062,120939,38067913
Canada,8/24/2021,1475999,2312,26849,34,352,960,,,72324,40004893,0.0375,26.6,52827253,27750164,25061592,15497,116032,38067913
Canada,8/25/2021,1479331,3332,26856,7,367,991,,,62211,40067104,0.0391,25.6,52932078,27785144,25130993,15941,104825,38067913
Canada,8/26/2021,1482698,3367,26865,9,388,1051,,,83484,40150588,0.0398,25.1,53054685,27825302,25212942,16441,122607,38067913
Canada,8/27/2021,1486454,3756,26891,26,395,1092,,,84945,40235533,0.0407,24.5,53169890,27864937,25288011,16942,115205,38067913
Canada,8/28/2021,1488248,1794,26899,8,402,1142,,,89614,40325147,0.0406,24.6,53250502,27889979,25342990,17533,80612,38067913
Canada,8/29/2021,1489825,1577,26902,3,398,1011,,,80653,40405800,0.0397,25.2,53318129,27909420,25390677,18032,67627,38067913
Canada,8/30/2021,1496326,6501,26919,17,432,1116,,,70390,40476190,0.0416,24,53441516,27952530,25470637,18349,123387,38067913
Canada,8/31/2021,1499186,2860,26933,14,452,1290,,,63438,40539628,0.0434,23.1,53523195,27981794,25522625,18776,81679,38067913
Canada,9/1/2021,1503047,3861,26963,30,465,1352,,,66004,40605632,0.044,22.7,53620885,28016422,25584928,19535,97690,38067913
Canada,9/2/2021,1507076,4029,26992,29,473,1360,,,87567,40693199,0.0449,22.3,53715070,28054857,25639587,20626,94185,38067913
Canada,9/3/2021,1511238,4162,27007,15,489,1416,,,88400,40781599,0.0454,22,53824217,28101251,25700670,22296,109147,38067913
Canada,9/4/2021,1513209,1971,27017,10,491,1402,,,88705,40870304,0.0458,21.8,53906210,28134625,25747556,24029,81993,38067913
Canada,9/5/2021,1515198,1989,27022,5,501,1359,,,79147,40949451,0.0467,21.4,53968230,28158059,25784916,25255,62020,38067913
Canada,9/6/2021,1516725,1527,27025,3,526,1401,,,73872,41023323,0.0373,26.8,54004801,28172678,25806079,26044,36571,38067913
Canada,9/7/2021,1525659,8934,27068,43,567,1567,,,61717,41085040,0.0485,20.6,54107192,28214616,25865904,26672,102391,38067913
Canada,9/8/2021,1529305,3646,27108,40,598,1739,,,66077,41151117,0.0481,20.8,54191595,28250430,25912880,28285,84403,38067913
Canada,9/9/2021,1533500,4195,27135,27,597,1789,,,77185,41228302,0.0494,20.3,54289292,28292444,25966696,30152,97697,38067913
Canada,9/10/2021,1538131,4631,27171,36,616,1824,,,96398,41324700,0.0495,20.2,54387369,28334262,26021043,32064,98077,38067913
Canada,9/11/2021,1539361,1230,27187,16,626,1845,,,97707,41422407,0.0474,21.1,54460241,28362033,26064301,33907,72872,38067913
Canada,9/12/2021,1542348,2987,27199,12,632,1771,,,90933,41513340,0.0481,20.8,54517214,28382212,26099675,35327,56973,38067913
Canada,9/13/2021,1551145,8797,27239,40,671,1907,,,80018,41593358,0.0604,16.6,54616618,28425455,26154961,36202,99404,38067913
Canada,9/14/2021,1555130,3985,27264,25,687,2012,,,75502,41668860,0.0505,19.8,54689751,28458037,26194308,37406,73133,38067913
Canada,9/15/2021,1559415,4285,27306,42,690,2071,,,83652,41752512,0.0501,20,54773060,28494515,26239859,38686,83309,38067913
Canada,9/16/2021,1564116,4701,27326,20,703,2091,,,108965,41861477,0.0484,20.7,54869083,28534794,26293698,40591,96023,38067913
Canada,9/17/2021,1569194,5078,27371,45,712,2126,,,112092,41973569,0.0479,20.9,55028083,28590001,26352475,85607,159000,38067913
Canada,9/18/2021,1571358,2164,27385,14,704,2119,,,114844,42088413,0.048,20.8,55096636,28615738,26393304,87594,68553,38067913
Canada,9/19/2021,1573358,2000,27396,11,705,2061,,,102394,42190807,0.0458,21.8,55152386,28635774,26427763,88849,55750,38067913
Canada,9/20/2021,1581936,8578,27435,39,725,2125,,,96459,42287266,0.0444,22.5,55292065,28702877,26494054,95134,139679,38067913
Canada,9/21/2021,1585767,3831,27489,54,725,2298,,,83252,42370518,0.0437,22.9,55391073,28746880,26544927,99266,99008,38067913
Canada,9/22/2021,1589639,3872,27538,49,749,2318,,,90615,42461133,0.0427,23.4,55491208,28791951,26596103,103154,100135,38067913
Canada,9/23/2021,1594242,4603,27582,44,742,2358,,,116899,42578032,0.042,23.8,55606675,28841173,26656853,108649,115467,38067913
Canada,9/24/2021,1598847,4605,27621,39,768,2375,,,126785,42704817,0.0406,24.7,55772527,28891572,26722030,158925,165852,38067913
Canada,9/25/2021,1600109,1262,27636,15,754,2399,,,120336,42825153,0.039,25.6,55847009,28917922,26768204,160883,74482,38067913
Canada,9/26/2021,1601420,1311,27646,10,753,2275,,,96360,42921513,0.0384,26,55915574,28942566,26810928,162080,68565,38067913
Canada,9/27/2021,1612433,11013,27700,54,784,2272,,,84506,43006019,0.0424,23.6,56036808,28992713,26872085,172010,121234,38067913
Canada,9/28/2021,1615921,3488,27756,56,779,2502,,,118497,43124516,0.04,25,56114866,29024622,26913108,177136,78058,38067913
Canada,9/29/2021,1620191,4270,27820,64,778,2462,,,90685,43215201,0.0405,24.7,56213062,29066621,26963783,182658,98196,38067913
Canada,9/30/2021,1623900,3709,27863,43,780,2501,,,117680,43332881,0.0393,25.5,56312456,29103825,27019931,188700,99394,38067913
Canada,10/1/2021,1629247,5347,27922,59,754,2446,,,123385,43456266,0.0405,24.7,56406727,29133965,27072837,199925,94271,38067913
Canada,10/2/2021,1631219,1972,27946,24,752,2435,,,120803,43577069,0.0414,24.2,56467059,29154116,27111048,201895,60332,38067913
Canada,10/3/2021,1632753,1534,27954,8,760,2329,,,99681,43676750,0.0415,24.1,56516683,29171486,27142252,202945,49624,38067913
Canada,10/4/2021,1640830,8077,28003,49,764,2343,,,98451,43775201,0.0369,27.1,56621294,29210115,27201011,210168,104611,38067913
Canada,10/5/2021,1643497,2667,28051,48,759,2522,,,82466,43857667,0.0376,26.6,56699567,29240981,27244079,214507,78273,38067913
Canada,10/6/2021,1647222,3725,28113,62,752,2535,,,87463,43945130,0.037,27,56822762,29273255,27290541,258966,123195,38067913
Canada,10/7/2021,1651300,4078,28142,29,746,2563,,,122731,44067861,0.0373,26.8,56909034,29304503,27335305,269226,86272,38067913
Canada,10/8/2021,1655433,4133,28187,45,746,2554,,,118195,44186056,0.0359,27.9,57007364,29337986,27385016,284362,98330,38067913
Canada,10/9/2021,1657308,1875,28196,9,752,2530,,,120991,44307047,0.0357,28,57071141,29360765,27422667,287709,63777,38067913
Canada,10/10/2021,1659051,1743,28204,8,753,2429,,,104882,44411929,0.0358,28,57122861,29378382,27454543,289936,51720,38067913
Canada,10/11/2021,1660533,1482,28216,12,745,2450,,,90201,44502130,0.0271,36.9,57149288,29388834,27469924,290530,26427,38067913
Canada,10/12/2021,1667668,7135,28291,75,741,2379,,,69946,44572076,0.0338,29.6,57260837,29432148,27519577,309112,111549,38067913
Canada,10/13/2021,1670277,2609,28370,79,737,2466,,,69775,44641851,0.0331,30.2,57351315,29447367,27567212,336736,90478,38067913
Canada,10/14/2021,1673457,3180,28422,52,731,2460,,,83845,44725696,0.0337,29.7,57451347,29478845,27618125,354377,100032,38067913
Canada,10/15/2021,1676883,3426,28469,47,736,2447,,,110644,44836340,0.033,30.3,57552515,29512241,27668159,372115,101168,38067913
Canada,10/16/2021,1678562,1679,28483,14,740,2412,,,114118,44950458,0.033,30.3,57606099,29529148,27700461,376490,53584,38067913
Canada,10/17/2021,1679937,1375,28494,11,743,2328,,,102220,45052678,0.0326,30.7,57652265,29544522,27729050,378693,46166,38067913
Canada,10/18/2021,1685424,5487,28565,71,745,2296,,,87734,45140412,0.039,25.6,57762356,29570871,27787036,404449,110091,38067913
Canada,10/19/2021,1687646,2222,28604,39,717,2407,,,72387,45212799,0.0312,32.1,57837476,29590006,27823372,424098,75120,38067913
Canada,10/20/2021,1690310,2664,28645,41,695,2329,,,78176,45290975,0.0309,32.4,57919716,29612452,27868142,439122,82240,38067913
Canada,10/21/2021,1693181,2871,28668,23,687,2321,,,103462,45394437,0.0295,33.9,58007042,29638812,27911338,456892,87326,38067913
Canada,10/22/2021,1695847,2666,28730,62,670,2239,,,101847,45496284,0.0287,34.8,58100068,29664023,27959770,476275,93026,38067913
Canada,10/23/2021,1697661,1814,28746,16,654,2227,,,93582,45589866,0.0299,33.5,58148164,29678581,27988077,481506,48096,38067913
Canada,10/24/2021,1699277,1616,28750,4,648,2084,,,87124,45676990,0.031,32.3,58187183,29691081,28012760,483342,39019,38067913
Canada,10/25/2021,1702653,3376,28806,56,645,2036,,,77884,45754874,0.028,35.7,58289378,29711890,28072232,505256,102195,38067913
Canada,10/26/2021,1704403,1750,28842,36,643,2133,,,64544,45819418,0.0276,36.2,58371733,29730656,28112904,528173,82355,38067913
Canada,10/27/2021,1706914,2511,28882,40,636,2102,,,64229,45883647,0.028,35.7,58446220,29748503,28152783,544934,74487,38067913
Canada,10/28/2021,1709557,2643,28929,47,638,2048,,,111677,45995324,0.0273,36.7,58528221,29771425,28193077,563719,82001,38067913
Canada,10/29/2021,1712146,2589,28953,24,630,2027,,,96988,46092312,0.0273,36.6,58604479,29796151,28232591,575737,76258,38067913
Canada,10/30/2021,1713883,1737,28965,12,631,2017,,,92802,46185114,0.0273,36.7,58647525,29807715,28257567,582243,43046,38067913
Canada,10/31/2021,1715462,1579,28970,5,630,1900,,,72750,46257864,0.0279,35.9,58682096,29817829,28280047,584220,34571,38067913
Canada,11/1/2021,1718510,3048,29024,54,593,1858,,,66084,46323948,0.0279,35.9,58768684,29830486,28324643,613555,86588,38067913
Canada,11/2/2021,1720346,1836,29057,33,589,1975,,,83093,46407041,0.0271,36.9,58823637,29837829,28345138,640670,54953,38067913
Canada,11/3/2021,1722595,2249,29095,38,586,1987,,,71327,46478368,0.0264,37.9,58898328,29854753,28379118,664457,74691,38067913
Canada,11/4/2021,1725184,2589,29115,20,555,1947,,,102178,46580546,0.0267,37.4,58975221,29873364,28414026,687831,76893,38067913
Canada,11/5/2021,1727718,2534,29133,18,539,1905,,,99061,46679607,0.0265,37.7,59046604,29889147,28446709,710748,71383,38067913
Canada,11/6/2021,1729128,1410,29140,7,542,1885,,,98119,46777726,0.0257,38.9,59077651,29896719,28460991,719941,31047,38067913
Canada,11/7/2021,1730519,1391,29151,11,534,1768,,,90754,46868480,0.0247,40.6,59106882,29905414,28478818,722650,29231,38067913
Canada,11/8/2021,1735117,4598,29194,43,518,1704,,,81810,46950290,0.0265,37.7,59199511,29923986,28522993,752532,92629,38067913
Canada,11/9/2021,1737461,2344,29218,24,522,1855,,,72057,47022347,0.0278,36,59270949,29932991,28546674,791284,71438,38067913
Canada,11/10/2021,1740038,2577,29251,33,513,1783,,,73495,47095842,0.0282,35.4,59358396,29957032,28581916,819448,87447,38067913
Canada,11/11/2021,1741595,1557,29267,16,503,1778,,,104315,47200157,0.0265,37.8,59399785,29967669,28601613,830503,41389,38067913
Canada,11/12/2021,1745408,3813,29310,43,493,1705,,,95840,47295997,0.0287,34.8,59489649,29985788,28639191,864670,89864,38067913
Canada,11/13/2021,1746925,1517,29325,15,495,1749,,,89517,47385514,0.0293,34.2,59525220,29995360,28657208,872652,35571,38067913
Canada,11/14/2021,1748400,1475,29338,13,495,1613,,,80674,47466188,0.0299,33.4,59554001,30003748,28674737,875516,28781,38067913
Canada,11/15/2021,1752480,4080,29385,47,496,1590,,,74146,47540334,0.0294,34,59645195,30019752,28709667,915776,91194,38067913
Canada,11/16/2021,1754387,1907,29404,19,486,1762,,,68133,47608467,0.0289,34.6,59709923,30031311,28734721,943891,64728,38067913
Canada,11/17/2021,1756825,2438,29432,28,484,1731,,,70314,47678781,0.0288,34.7,59785947,30049969,28767835,968143,76024,38067913
Canada,11/18/2021,1759563,2738,29463,31,468,1699,,,111659,47790440,0.0304,32.9,59861491,30067390,28798541,995560,75544,38067913
Canada,11/19/2021,1762439,2876,29482,19,464,1678,,,99380,47889820,0.0287,34.9,59927031,30080313,28824276,1022442,65540,38067913
Canada,11/20/2021,1764302,1863,29492,10,464,1690,,,94082,47983902,0.029,34.4,59959686,30089856,28841059,1028771,32655,38067913
Canada,11/21/2021,1765902,1600,29499,7,468,1509,,,84616,48068518,0.0291,34.4,59981502,30097084,28853929,1030489,21816,38067913
Canada,11/22/2021,1770114,4212,29527,28,473,1494,,,80009,48148527,0.029,34.5,60072911,30112161,28887249,1073501,91409,38067913
Canada,11/23/2021,1772331,2217,29556,29,472,1672,,,66511,48215038,0.0296,33.8,60108942,30120513,28902448,1085981,36031,38067913
Canada,11/24/2021,1774958,2627,29581,25,473,1653,,,74047,48289085,0.0297,33.7,60161477,30120928,28914962,1125587,52535,38067913
Canada,11/25/2021,1779126,4168,29601,20,477,1577,,,99100,48388185,0.0327,30.6,60231605,30138154,28939125,1154326,70128,38067913
Canada,11/26/2021,1782179,3053,29619,18,476,1568,,,97402,48485587,0.0331,30.2,60318215,30171058,28964500,1182657,86610,38067913
Canada,11/27/2021,1784362,2183,29629,10,466,1549,,,97219,48582806,0.0335,29.9,60386453,30219987,28977403,1189063,68238,38067913
Canada,11/28/2021,1786299,1937,29634,5,465,1414,,,84172,48666978,0.0341,29.3,60460043,30280365,28987779,1191899,73590,38067913
Canada,11/29/2021,1790154,3855,29671,37,470,1456,,,73349,48740327,0.0339,29.5,60595966,30349439,29010587,1235940,135923,38067913
Canada,11/30/2021,1792511,2357,29688,17,470,1582,,,66820,48807147,0.0341,29.3,60707051,30417797,29024735,1264519,111085,38067913
Canada,12/1/2021,1795641,3130,29715,27,466,1618,,,88448,48895595,0.0341,29.3,60824590,30471422,29047132,1306036,117539,38067913
Canada,12/2/2021,1798875,3234,29738,23,461,1574,,,105069,49000664,0.0322,31,60950208,30542428,29065536,1342244,125618,38067913
Canada,12/3/2021,1802362,3487,29758,20,454,1526,,,99244,49099908,0.0329,30.4,61829680,30612370,29082569,2134741,879472,38067913
Canada,12/4/2021,1805072,2710,29767,9,467,1518,,,139984,49239892,0.0315,31.7,61953068,30668945,29093311,2190812,123388,38067913
Canada,12/5/2021,1807700,2628,29769,2,469,1373,,,92443,49332335,0.0322,31.1,62058480,30732468,29101944,2224068,105412,38067913
Canada,12/6/2021,1812229,4529,29801,32,473,1312,,,83222,49415557,0.0327,30.6,62238793,30819687,29123034,2296072,180313,38067913
Canada,12/7/2021,1815226,2997,29828,27,466,1531,,,102883,49518440,0.0319,31.3,62421440,30877367,29137200,2406873,182647,38067913
Canada,12/8/2021,1818748,3522,29853,25,446,1503,,,82476,49600916,0.0328,30.5,62604945,30936861,29157343,2510741,183505,38067913
Canada,12/9/2021,1823012,4264,29877,24,443,1464,,,110197,49711113,0.034,29.4,62779477,30994762,29168167,2616548,174532,38067913
Canada,12/10/2021,1825936,2924,29901,24,439,1446,,,117901,49829014,0.0323,30.9,63018440,31038074,29181016,2799350,238963,38067913
Canada,12/11/2021,1831729,5793,29911,10,435,1452,,,117170,49946184,0.0377,26.5,63155861,31079447,29191699,2884715,137421,38067913
Canada,12/12/2021,1835218,3489,29920,9,450,1354,,,105570,50051754,0.0383,26.1,63263942,31125431,29199358,2939153,108081,38067913
Canada,12/13/2021,1841151,5933,29942,22,458,1362,,,96223,50147977,0.0395,25.3,63463309,31198451,29217482,3047376,199367,38067913
Canada,12/14/2021,1845545,4394,29970,28,472,1530,,,115593,50263570,0.0407,24.6,63723001,31233770,29229324,3259907,259692,38067913
Canada,12/15/2021,1851400,5855,29995,25,458,1513,,,100611,50364181,0.0428,23.4,63984254,31281284,29244693,3458277,261253,38067913
Canada,12/16/2021,1858528,7128,30013,18,453,1461,,,128108,50492289,0.0455,22,64277543,31327805,29254895,3694843,293289,38067913
Canada,12/17/2021,1867657,9129,30033,20,443,1503,,,143542,50635831,0.0517,19.3,64602238,31368914,29270094,3963230,324695,38067913
Canada,12/18/2021,1875209,7552,30041,8,450,1551,,,145929,50781760,0.052,19.2,64863468,31398083,29279704,4185681,261230,38067913
Canada,12/19/2021,1883955,8746,30046,5,461,1488,,,141911,50923671,0.0559,17.9,65075658,31431822,29287131,4356705,212190,38067913
Canada,12/20/2021,1898308,14353,30064,18,470,1480,,,139263,51062934,0.0625,16,65399654,31485760,29308909,4604985,323996,38067913
Canada,12/21/2021,1910080,11772,30086,22,475,1630,,,137814,51200748,0.0689,14.5,65820170,31527119,29316253,4976798,420516,38067913
Canada,12/22/2021,1925042,14962,30114,28,466,1656,,,134606,51335354,0.0758,13.2,66264629,31563883,29336821,5363925,444459,38067913
Canada,12/23/2021,1945707,20665,30132,18,476,1710,,,150998,51486352,0.0877,11.4,66731702,31598515,29352145,5781042,467073,38067913
Canada,12/24/2021,1969756,24049,30146,14,462,1761,,,178313,51664665,0.0992,10.1,67101613,31622500,29361888,6117225,369911,38067913
Canada,12/25/2021,1990194,20438,30153,7,462,1761,,,181214,51845879,0.1081,9.3,67194024,31627692,29366937,6199395,92411,38067913
Canada,12/26/2021,2008628,18434,30163,10,462,1761,,,176833,52022712,0.1134,8.8,67207931,31628194,29367201,6212536,13907,38067913
Canada,12/27/2021,2029777,21149,30190,27,474,1733,,,136041,52158753,0.12,8.3,67290049,31631651,29369067,6289331,82118,38067913
Canada,12/28/2021,2053595,23818,30219,29,497,1999,,,118523,52277276,0.1333,7.5,67569309,31644835,29377904,6546570,279260,38067913
Canada,12/29/2021,2102482,48887,30254,35,499,2418,,,130829,52408105,0.1654,6,68084993,31684780,29391565,7008648,515684,38067913
Canada,12/30/2021,2142153,39671,30281,27,514,2820,,,152638,52560743,0.1828,5.5,68427384,31706089,29402591,7318704,342391,38067913
Canada,12/31/2021,2182760,40607,30319,38,544,3148,,,101486,52662229,0.2135,4.7,68756211,31726971,29414103,7615137,328827,38067913
Canada,1/1/2022,2219811,37051,30340,21,555,3416,,,96064,52758293,0.2517,4,68858661,31734056,29419071,7705534,102450,38067913
Canada,1/2/2022,2253626,33815,30370,30,574,3289,,,15657,52773950,0.3261,3.1,68880711,31735384,29420224,7725103,22050,38067913
Canada,1/3/2022,2292919,39293,30400,30,615,3614,,,14510,52788460,0.4179,2.4,68978614,31742381,29425975,7810258,97903,38067913
Canada,1/4/2022,2340761,47842,30436,36,662,4059,,,601278,53389738,0.2581,3.9,69562458,31779591,29450265,8332602,583844,38067913
Canada,1/5/2022,2379115,38354,30525,89,701,5083,,,137777,53527515,0.2471,4,69952213,31801497,29467043,8683673,389755,38067913
Canada,1/6/2022,2420789,41674,30585,60,753,5532,,,145814,53673329,0.2504,4,70370584,31820330,29490152,9060102,418371,38067913
Canada,1/7/2022,2465300,44511,30668,83,793,5981,,,152673,53826002,0.2428,4.1,70798251,31850400,29504056,9443795,427667,38067913
Canada,1/8/2022,2496203,30903,30699,31,858,6286,,,100599,53926601,0.2366,4.2,71098745,31867806,29517260,9713679,300494,38067913
Canada,1/9/2022,2525386,29183,30765,66,896,6255,,,17880,53944481,0.2322,4.3,71315287,31884647,29528397,9902243,216542,38067913
Canada,1/10/2022,2584277,58891,30861,96,917,6733,,,345284,54289765,0.1941,5.2,71716169,31912898,29551323,10251948,400882,38067913
Canada,1/11/2022,2615168,30891,30957,96,980,7829,,,115867,54405632,0.2701,3.7,72136498,31935003,29570238,10631257,420329,38067913
Canada,1/12/2022,2648208,33040,31081,124,1022,8314,,,167710,54573342,0.2573,3.9,72537602,31958617,29590157,10988828,401104,38067913
Canada,1/13/2022,2679209,31001,31191,110,1027,8737,,,148730,54722072,0.2464,4.1,72959024,31986866,29612110,11360048,421422,38067913
Canada,1/14/2022,2719532,40323,31324,133,1053,9191,,,143464,54865536,0.2446,4.1,73355030,32015303,29635733,11703994,396006,38067913
Canada,1/15/2022,2738532,19000,31464,140,1086,9463,,,90019,54955555,0.2355,4.2,73642492,32036485,29655803,11950204,287462,38067913
Canada,1/16/2022,2756782,18250,31529,65,1118,9240,,,10402,54965957,0.2265,4.4,73853084,32055759,29671835,12125490,210592,38067913
Canada,1/17/2022,2800886,44104,31676,147,1147,10070,,,268705,55234662,0.2292,4.4,74283833,32088318,29691756,12503759,430749,38067913
Canada,1/18/2022,2821804,20918,31827,151,1185,10560,,,161143,55395805,0.2087,4.8,74554401,32100840,29701817,12751744,270568,38067913
Canada,1/19/2022,2844396,22592,32006,179,1195,10615,,,96271,55492076,0.2135,4.7,74907315,32128989,29715902,13062424,352914,38067913
Canada,1/20/2022,2867927,23531,32217,211,1203,10611,,,110708,55602784,0.2143,4.7,75223460,32137767,29731011,13354682,316145,38067913
Canada,1/21/2022,2890916,22989,32380,163,1196,10706,,,107715,55710499,0.2028,4.9,75545484,32153371,29763930,13628183,322024,38067913
Canada,1/22/2022,2905428,14512,32504,124,1217,10579,,,59867,55770366,0.2048,4.9,75757680,32169878,29791999,13795803,212196,38067913
Canada,1/23/2022,2912903,7475,32560,56,1215,10350,,,11010,55781376,0.1915,5.2,75932074,32184766,29827165,13920143,174394,38067913
Canada,1/24/2022,2932024,19121,32715,155,1222,10679,,,211030,55992406,0.1731,5.8,76253218,32210685,29855725,14186808,321144,38067913
Canada,1/25/2022,2960588,28564,32962,247,1255,10872,,,70920,56063326,0.2079,4.8,76588007,32236332,29903275,14448400,334789,38067913
Canada,1/26/2022,2967694,7106,33065,103,1213,10945,,,75659,56138985,0.1906,5.2,76851483,32253251,29940348,14657884,263476,38067913
Canada,1/27/2022,2997728,30034,33368,303,1198,10561,,,98748,56237733,0.2044,4.9,77110756,32271463,29980491,14858802,259273,38067913
Canada,1/28/2022,3015416,17688,33523,155,1207,10438,,,87945,56325678,0.2024,4.9,77368089,32290019,30021580,15056490,257333,38067913
Canada,1/29/2022,3025283,9867,33647,124,1200,10339,,,57054,56382732,0.1957,5.1,77534970,32301838,30055128,15178004,166881,38067913
Canada,1/30/2022,3033824,8541,33722,75,1189,9962,,,7258,56389990,0.1987,5,77679365,32313043,30098902,15267420,144395,38067913
Canada,1/31/2022,3055581,21757,33870,148,1181,9825,,,197205,56587195,0.2077,4.8,78008088,32340774,30150833,15516481,328723,38067913
Canada,2/1/2022,3066278,10697,34032,162,1167,9946,,,58707,56645902,0.1814,5.5,78208427,32355071,30182561,15670795,200339,38067913
Canada,2/2/2022,3081616,15338,34207,175,1135,9672,,,64619,56710521,0.1993,5,78401968,32363291,30227647,15811030,193541,38067913
Canada,2/3/2022,3095639,14023,34378,171,1118,9426,,,84728,56795249,0.1756,5.7,78583367,32375515,30263587,15944265,181399,38067913
Canada,2/4/2022,3109754,14115,34536,158,1087,9078,,,81183,56876432,0.1713,5.8,78744463,32388301,30301791,16054371,161096,38067913
Canada,2/5/2022,3117218,7464,34635,99,1063,8828,,,46235,56922667,0.1703,5.9,78860885,32397998,30331176,16131711,116422,38067913
Canada,2/6/2022,3123560,6342,34719,84,1044,8505,,,8925,56931592,0.1657,6,78908193,32401485,30348306,16158402,47308,38067913
Canada,2/7/2022,3139383,15823,34845,126,1037,8425,,,157561,57089153,0.167,6,79160065,32414453,30422243,16323369,251872,38067913
Canada,2/8/2022,3148406,9023,34969,124,1036,8553,,,48799,57137952,0.1669,6,79280446,32429134,30443473,16407839,120381,38067913
Canada,2/9/2022,3159212,10806,35114,145,1010,8196,,,57758,57195710,0.1599,6.3,79407570,32439283,30474915,16493372,127124,38067913
Canada,2/10/2022,3170135,10923,35231,117,990,7977,,,74433,57270143,0.1569,6.4,79543005,32454750,30510192,16578063,135435,38067913
Canada,2/11/2022,3177799,7664,35372,141,967,7752,,,41719,57311862,0.1563,6.4,79668861,32462460,30550318,16656083,125856,38067913
Canada,2/12/2022,3188589,10790,35481,109,938,7553,,,39898,57351760,0.1663,6,,,,,,38067913
Canada,2/13/2022,3192990,4401,35512,31,914,7305,,,5465,57357225,0.1631,6.1,79824010,32468890,30597618,16757502,,38067913
Canada,2/14/2022,3205509,12519,35614,102,878,7032,,,162241,57519466,0.1537,6.5,79891759,32469999,30621280,16800480,67749,38067913
Canada,2/15/2022,3211317,5808,35716,102,863,7160,,,39560,57559026,0.1494,6.7,80047174,32489215,30654612,16903347,155415,38067913
Canada,2/16/2022,3219494,8177,35829,113,831,6875,,,68164,57627190,0.1397,7.2,80139288,32495669,30687748,16955871,92114,38067913
Canada,2/17/2022,3226748,7254,35918,89,816,6669,,,59712,57686902,0.1358,7.4,80197551,32496345,30707824,16993382,58263,38067913
Canada,2/18/2022,3234003,7255,35997,79,794,6507,,,58541,57745443,0.1296,7.7,80316381,32512152,30743452,17060777,118830,38067913
Canada,2/19/2022,3237983,3980,36013,16,773,6366,,,25869,57771312,0.1177,8.5,80376854,32518758,30756589,17101507,60473,38067913
Canada,2/20/2022,3241146,3163,36042,29,762,6194,,,3151,57774463,0.1154,8.7,80429624,32522037,30768660,17138927,52770,38067913
Canada,2/21/2022,3243964,2818,36047,5,767,6212,,,57134,57831597,0.1232,8.1,80441157,32522373,30770375,17148409,11533,38067913
Canada,2/22/2022,3252511,8547,36159,112,719,5965,,,89198,57920795,0.1139,8.8,80594498,32540290,30803604,17250604,153341,38067913
Canada,2/23/2022,3261722,9211,36255,96,704,5903,,,60839,57981634,0.1191,8.4,80661772,32541931,30829743,17290098,67274,38067913
Canada,2/24/2022,3267366,5644,36332,77,674,5684,,,50541,58032175,0.1176,8.5,80724391,32556780,30840082,17327529,62619,38067913
Canada,2/25/2022,3276828,9462,36473,141,662,5456,,,,,,,80789503,32558009,30865219,17366275,65112,38067913
Canada,2/26/2022,3279166,2338,36507,34,649,5477,,,,,,,80834877,32563439,30875611,17395827,45374,38067913
Canada,2/27/2022,3283378,4212,36536,29,646,5295,,,,,,,80879075,32566938,30886089,17426048,44198,38067913
Canada,2/28/2022,3291827,8449,36594,58,617,5069,,,,,,,81219925,32572247,30909327,17738351,340850,38067913
